信用卡,13557
交通银行,4406
还款,4393
银行,3790
额度,3657
卡神,2792
申请,2725
积分,2288
消费,2252
介绍,2251
交行,2166
以上,1873
请,1769
小编,1748
账单,1663
卡,1553
持卡人,1503
信用,1502
元,1501
取现,1481
关注,1446
日,1407
知识,1394
月,1387
频道,1386
使用,1333
刷卡,1250
查询,1248
记录,1079
交易,1015
需要,1007
后,920
信息,910
金额,898
利息,874
最低,869
进行,835
服务,803
人民币,784
手续费,774
证明,774
办理,737
情况,685
密码,679
电话,677
账户,657
时,655
兑换,638
方式,634
收取,597
选择,588
支付,584
提供,583
逾期,578
自动,568
临时,565
中,564
卡片,554
还款额,549
现金,540
即可,534
客户,531
超过,507
提额,505
解答,502
年费,499
天,499
提醒,494
美元,492
到期,490
时间,482
高,451
激活,445
年,444
欠款,435
登录,425
一定,425
每月,423
工作,413
直接,394
人,392
商户,388
刷,383
提高,383
境外,382
需,381
分,375
转账,375
影响,366
拨打,366
部分,365
享受,364
未,363
下,360
收费,359
活动,356
透支,352
客服,348
网上,347
热线,340
金卡,337
资料,336
方法,335
功能,334
短信,332
不良,331
里程,329
规定,327
偿还,324
附属,321
收入,318
网上银行,316
开通,315
最高,312
成功,312
好,308
免息期,308
产生,306
用户,306
申请人,306
网点,303
借记卡,302
中心,302
最,301
可用,301
复印件,297
建议,295
有效期,291
溢,290
标准,289
再,289
万,288
用卡,285
之后,284
优惠,277
交通,277
包括,277
安全,274
银行卡,274
是否,273
钱,270
手机,269
办卡,268
已,266
固定,266
条件,265
系统,265
无法,265
审核,264
号,264
存款,263
万元,261
业务,261
所有,260
境内,259
致电,259
贷款,257
提升,255
征信,255
个人信用,255
最好,252
具体,252
相关,251
注意,251
全额,251
只,251
填写,251
主卡,250
网上支付,249
累计,248
输入,245
以下,244
发卡,244
小时,241
滞纳金,240
费用,238
银联,238
限额,236
每日,235
合并,235
余额,235
还清,230
计算,230
一个,228
累积,225
网站,224
保障,222
身份证,221
网银,221
一张,221
资金,220
提示,216
要求,216
收到,214
目前,214
先,213
财力,213
指定,212
风险,212
获得,210
客服热线,210
点击,210
比较,208
免费,208
挂失,206
一些,205
白金卡,205
免息,203
机,203
日为,202
官网,201
最后,201
支持,198
沃尔玛,198
已经,197
缴款,197
取,195
当天,195
主要,193
来源于,192
普卡,191
之前,191
应,190
芯片,189
前,189
确认,189
设置,188
页面,187
问题,186
预借,186
良好,186
万分之,186
绑定,185
完成,184
柜台,183
金,182
能力,181
及时,181
日期,181
单位,178
指,177
礼品,176
发生,176
容易,176
最近,175
公司,174
每个,173
恢复,171
支付宝,171
卡号,170
销卡,169
主动,168
小,168
新,167
入账,167
了解,166
当期,163
显示,163
进入,162
账,160
注销,160
说,159
套现,158
张,157
跨行,156
利用,155
购物,155
申请表,155
原因,155
能够,153
里,153
卡持卡,153
操作,153
避免,152
奖励,151
自助,151
客户服务,150
最长,149
联名卡,143
只能,143
次,142
次数,142
证明文件,141
白金,141
帐单,140
本行,139
算,138
以后,138
费,138
不可,137
有效,137
飞行,136
咨询,135
分期付款,135
一次,133
稳定,133
还款期,132
提交,132
日后,132
循环,131
通常,130
想,129
投资,129
当前,128
这种,128
进度,127
一年,127
每笔,127
不用,126
想要,126
被盗,126
日前,125
新卡,124
名下,124
现在,123
公务,122
做,121
保证,121
航空,121
一下,121
计划,121
一种,120
每卡,120
规则,120
造成,120
换卡,118
调整,118
方便,118
网络,117
技巧,117
太平洋,117
正常,117
超市,117
办法,117
销户,116
限制,116
综合,116
自然,114
实际,114
处理,114
机构,113
明细,113
异地,113
类,113
左右,112
乐园,112
本期,111
知道,111
至少,111
来说,111
出现,111
联系,110
倍,110
一期,110
修改,110
三个,110
满足,109
全部,108
无,108
期限,108
磁条卡,108
管理,108
办,107
报告,107
国内,107
通知,107
融,106
签名,106
含,105
为准,105
主,105
推出,104
人工,104
大额,104
拥有,104
取消,103
平时,102
失败,102
诈骗,102
背面,102
权益,101
更改,101
持有,101
身份证明,100
比例,100
需求,99
足够,98
特别,98
上限,98
取款,98
工作日,97
越,97
立即,96
柜面,96
贷记卡,95
外币,95
生活,95
参加,94
开卡,94
登陆,94
用于,93
地址,93
单笔,93
状况,93
低,93
过期,93
外,93
快捷,92
行为,92
还会,92
日起,92
存在,92
意外,92
卡友,92
类型,92
一笔,91
非,91
旅游,91
关联,91
重要,91
微信,91
轻松,90
材料,90
记账,90
汽车,90
发现,90
半年,90
流程,89
款项,89
一次性,89
相应,89
渠道,89
提前,89
重新,88
当地,88
当月,88
货币,88
申卡,88
个人信息,88
理财,88
表示,87
具有,87
邮寄,87
签约,87
麒麟,87
第三方,87
笔,87
政策,87
加,87
双币,87
损失,87
房产证,86
抵扣,86
身份证件,86
原件,86
人员,85
两种,85
继续,85
承担,85
月底,85
每天,84
简单,84
还要,84
标识,84
查,84
结算,84
星期五,84
带来,83
认为,83
码,83
手续,83
授权,83
他行,82
提出,82
通,82
购汇,82
盗刷,82
等值,82
方面,82
平台,82
也就是说,82
审批,81
文件,81
扣款,81
数字,81
同一,81
经济,81
范围,81
成为,81
计息,81
帮助,81
朋友,80
每年,80
换,80
提取,80
注册,80
说明,80
归还,80
不够,80
区别,79
人士,79
商品,79
应该,79
工资,79
现金额,79
我行,78
增加,78
随时,78
冻结,78
日息,78
享贷,77
期间,77
超限,76
资产,76
考虑,76
降低,76
最红,76
持卡,76
一个月,76
退款,76
导致,76
拒,76
数,75
决定,75
无需,75
延期,74
账号,74
失卡,74
污点,74
达到,74
升级,74
这是,73
储蓄卡,73
电子,73
却,73
免,72
过程,72
越高,72
计收,71
会员,71
优惠活动,71
中国,70
项目,70
证书,70
实现,70
注意事项,70
解决,69
免年费,69
缴纳,69
次年,69
购买,69
恶意透支,68
中国人民银行,67
询问,67
下面,67
一天,67
卡种,67
发卡行,67
付款,67
保留,67
在线,67
温馨,67
最短,67
语音,66
完,66
期,66
房产,66
行驶证,66
版,66
之间,66
依据,66
消除,65
定期,65
得到,65
附近,65
一家,65
保护,65
尝试,65
任意,65
邀请,65
推荐,65
低于,64
麻烦,64
全国,64
凭证,64
周岁,63
类别,63
不足,63
调,63
习惯,63
设定,63
大部分,63
快速,63
高额,63
提现,63
内容,62
号码,62
更换,62
工作人员,62
各项,62
商城,62
买,62
家庭,61
机上,61
本地,61
多久,61
姓名,61
携带,61
每期,61
参考,61
帐户,61
属于,60
包含,60
所示,60
连续,60
账务,60
财付,60
泄露,60
业务员,60
注册版,60
宽限期,60
受理,59
原,59
代办,59
共享,59
再次,59
统一,59
下个月,59
以卡,59
磁条,59
补卡,59
一点,58
餐饮,58
部门,58
催收,58
产品,58
打电话,58
相对,58
就要,58
金融,57
无忧,57
第一,57
采用,57
返现,57
长期,57
今天,57
好处,57
国航,57
身份,57
查看,56
收,56
即时,56
忘记,56
自有,56
周期,56
位,56
持,56
基础,56
年龄,56
生效,56
发行,55
须,55
免除,55
太,55
针对,55
永久,55
核实,55
确定,54
这笔,54
普通,54
起诉,54
留下,54
少,54
分别,53
成功率,53
对方,53
本金,53
当日,53
消费者,53
申卡人,53
剩余,53
秒,53
评分,53
利率,53
取出,52
拿到,52
原有,52
营业网点,52
分为,52
遇到,52
实时,52
成本,52
商家,51
问,51
保持,51
收益,51
小额,51
来源,51
丢失,51
关系,51
建议您,51
详细,51
符合,51
开,50
生日,50
转换,50
案例,50
签账,50
币种,50
前往,50
总额,49
首页,49
判断,49
授信额度,49
转,49
不到,49
总,49
城市,49
行业,49
降额,49
两个,49
程度,49
国外,49
凤凰,49
状态,49
适合,48
罚息,48
验证码,48
达,48
额外,48
完全,48
同行,48
免收,48
卡卡,48
手机号码,48
各家,47
完整,47
证件,47
防止,47
准备,47
往往,47
全球,47
不法分子,47
严重,47
批发,46
掉,46
留意,46
超额,46
央行,46
酒店,46
准,46
上面,46
子女,46
下载,46
加油,46
卡内,46
级别,46
赔偿,45
限于,45
一直,45
黑名单,45
等级,45
首年,45
首次,45
原来,45
一段时间,45
政府,45
验证,45
覆盖,45
特殊,44
学历,44
知音,44
得分,44
申领,44
核发,44
种,44
变更,44
高于,44
便捷,44
日至,44
大于,43
拉,43
保额,43
代表,43
存钱,43
发送,43
社保,43
任一,43
每次,43
专业,43
积分换,43
很大,43
先生,43
下来,43
地方,43
因素,42
尊享,42
基金,42
赚,42
处,42
适用,42
章,42
接受,42
网上交易,42
已出,42
配偶,42
父母,42
IC卡,42
看到,42
环球,42
预留,42
网申,41
资信,41
机场,41
企业,41
机票,41
淘宝,41
数据,41
是因为,41
参与,41
两次,41
数额,41
记得,41
挂号信,41
该笔,41
定期存单,41
几种,41
给予,40
延误,40
核对,40
卡拉,40
费率,40
遗失,40
该卡,40
房贷,40
确保,40
公告,40
最大,40
客户端,40
精彩,40
国家,40
副,40
特定,39
点,39
伤害,39
证件号码,39
确实,39
稳定性,39
帮,39
优质,39
手机号,39
人民银行,39
旧卡,39
第二天,39
前提,39
取回,39
日止,38
压力,38
中国银联,38
找,38
几天,38
划算,38
名称,38
公章,38
日常,38
自行,38
解冻,38
天内,38
可积,38
便利,38
保持良好,38
用途,38
恶意,37
扣除,37
社会,37
航空公司,37
东方航空,37
水,37
上述,37
难,37
意思,37
同样,37
折扣,37
商场,37
贴,36
扣缴,36
债务,36
小伙伴,36
申办,36
正面,36
节假日,36
涉及,36
种类,36
答,36
获取,36
希望,36
真的,36
寄出,36
存入,36
多种,36
享有,36
认定,36
真实,36
应当,36
天后,36
减少,35
卡面,35
步骤,35
假设,35
详见,35
缴费,35
设备,35
合作,35
复利,35
注明,35
身故,35
网友,35
清单,34
途径,34
暂时,34
不想,34
一时,34
用来,34
居住,34
天地,34
度,34
刘,34
灵活,34
足额,34
应急,34
做到,34
两张,34
水平,34
正式,34
机会,34
认证,34
公布,34
汇率,34
现有,34
正规,34
采取,34
之外,34
商业银行,34
所谓,33
销卡时,33
未能,33
体验,33
计入,33
数量,33
卡友们,33
之内,33
线路,33
返还,33
理财产品,33
一般来说,33
二是,33
信贷,33
专属,33
批准,33
民事行为,33
下卡,33
预,33
有助于,33
喜欢,33
递交,33
一是,33
折,32
银行存款,32
条,32
款额,32
旅行,32
翔哥,32
适当,32
清零,32
失效,32
寄送,32
成,32
肯定,32
详情,32
细则,32
合计,32
遨享,32
条款,32
正确,32
一律,32
紧急,32
拒绝,32
支招,31
车,31
每张,31
兑,31
而定,31
大型,31
可拨打,31
亦,31
一致,31
觉得,31
担心,31
双倍,31
超出,31
国际,31
清楚,31
不算,31
类似,31
特权,31
受到,31
一部分,31
地区,31
关键,31
盗,31
第一次,31
加盖,31
财务,31
冷冻,31
通道,31
价值,31
工作证,31
允许,31
常用,30
可取,30
保存,30
次日,30
次免,30
生成,30
医院,30
分行,30
批卡,30
仅限,30
写,30
亚洲,30
所得税,30
抵,30
必要,30
几个,30
表明,30
煤气,30
多家,30
财产,30
防范,30
买单,30
代发,30
高端,30
用处,30
大多数,30
销毁,30
不断,30
调额,30
特惠,30
车产,30
出国,30
事业单位,30
模式,30
较大,30
刑法,29
家,29
组织,29
本月,29
专家,29
开具,29
城,29
占用,29
积累,29
同意,29
该行,29
百货,29
结计,29
容时,29
今后,29
对应,29
工作日内,29
忽略,29
张卡,29
万分,29
特色,29
轻易,29
为止,29
权利,29
合同,29
查询方法,29
上期,29
东航,29
市民,29
销售,29
订单,29
接到,29
登记,29
仅供参考,29
全,28
个别,28
行,28
值得,28
员工,28
低至,28
里面,28
无限,28
住址,28
快递,28
利,28
万事达,28
编对,28
非法,28
东西,28
减免,28
中转,28
秘书,28
大学生,28
尤其,28
职位,28
年薪,28
访问,28
资质,28
公务员,28
随意,28
带有,28
目的,28
这张,28
更新,28
以前,28
多数,28
岗位,28
高达,27
万里,27
频繁,27
待遇,27
编辑,27
贵宾,27
单据,27
学校,27
掌握,27
最新,27
合适,27
四位,27
巨大,27
方便快捷,27
停卡,27
个人账户,27
告诉,27
各类,27
每半年,27
此时,27
网购,27
放心,27
批,27
退货,27
评估,27
畅游,27
受,27
优势,27
银联卡,26
独立,26
慈善,26
最终,26
原本,26
看看,26
天数,26
流水,26
有期徒刑,26
直至,26
已婚,26
方可,26
经验,26
原则,26
很难,26
尚未,26
出具,26
实在,26
变化,26
固话,26
招数,26
约定,26
为例,26
签字,26
车贷,26
社会保险,26
周五,26
一条,26
疑问,26
责任,26
结单,26
五年,25
军人证,25
住房,25
充值,25
下期,25
居民,25
获赠,25
明确,25
专员,25
官方,25
直系亲属,25
请问,25
记入,25
乐购,25
协商,25
凡,25
时效,25
长短,25
买房,25
小心,25
优越,25
卡是,25
罚金,25
卡里,25
市值,25
首家,25
贷,25
在于,25
国企,25
透露,25
近期,25
汇总,24
通话费,24
电脑,24
前一天,24
钱包,24
储蓄,24
最多,24
户口,24
银,24
遍布全国,24
出行,24
使,24
营业执照,24
免首,24
评级,24
可供参考,24
支出,24
结清,24
评定,24
欠费,24
告知,24
返,24
资格,24
专享,24
不错,24
百货店,24
互联网,24
严格,24
改为,24
可达,24
轻信,24
欺诈,24
长途,24
实际上,23
购房,23
车辆,23
具备,23
变动,23
解释,23
门店,23
正反面,23
活期,23
周周,23
礼享,23
两年,23
编为,23
保,23
名字,23
法律,23
伪造,23
初次,23
并处,23
初始,23
传统,23
报销,23
日出,23
本市,23
提,23
时尚,23
体现,23
不好,23
普通卡,23
计算方法,23
不予,23
手机用户,23
有时候,23
天到,23
未激活,23
上传,23
速度,23
北京,23
上海,23
三种,23
增值,23
现,23
止,23
所持,23
过去,23
检查,22
所在城市,22
已有,22
格式,22
理由,22
合约,22
职业,22
出账,22
有时,22
房地产,22
天为,22
卡消费,22
罚款,22
确保您,22
招商银行,22
坚持,22
保号,22
任职,22
到期日,22
开启,22
最快,22
手中,22
牌,22
越来越,22
贴心,22
或房,22
住宅,22
提出申请,22
外籍人士,22
将会,22
找到,22
默认,22
普遍,22
欠,22
困难,22
常见,22
重置,22
利滚利,22
礼遇,22
章程,22
市场,22
三天,22
补办,21
相比,21
世界,21
招行,21
应付,21
三次,21
写明,21
反馈,21
货币基金,21
领取,21
反映,21
应用,21
盲目,21
遗忘,21
人事,21
等待,21
等于,21
安心,21
菜单,21
能否,21
特约,21
以内,21
忘,21
期数,21
以为,21
校验,21
更高,21
花,21
一起,21
形式,21
称,21
背后,21
资金周转,21
联系人,21
或经,21
陷阱,21
形成,21
推广员,21
十分,21
申请材料,21
销卡后,21
曾经,21
为主,21
优先,21
事项,21
核定,21
个人消费,21
核卡,21
坏习惯,21
借款人,20
买车,20
错误,20
第二,20
最小,20
广大,20
养成,20
零头,20
位置,20
过多,20
这一,20
价格,20
期内,20
异常,20
超高,20
新版,20
建行,20
当年,20
与非,20
整数倍,20
一卡,20
多余,20
常见问题,20
中国银行,20
多个,20
万家,20
之日起,20
年满,20
手段,20
记住,20
长,20
婚姻状况,20
备选,20
下限,20
保险公司,20
难度,20
法,20
精英,20
护照,20
填,20
门槛,20
是从,20
开户,20
嫌疑,20
无须,20
有所,20
账款,20
平安,20
不符,20
大量,20
视为,20
理性,20
发布,20
单位名称,20
收复,20
通行证,20
容差,20
以此类推,20
教育,20
同域,20
险,20
壹份,20
广告,19
当时,19
相互,19
合理,19
差别,19
按日,19
身边,19
环节,19
随便,19
展示,19
纳税,19
安装,19
指引,19
网,19
港澳台,19
年收入,19
开立,19
太高,19
退回,19
经营,19
历史,19
在职,19
间,19
坏处,19
日利率,19
每位,19
卡奴,19
会先,19
特邀,19
帮忙,19
逐月,19
节省,19
签购,19
额,19
欢迎,19
整理,19
欧元,19
供,19
剪断,19
意外险,19
动作,19
双向,19
更是,19
违约金,19
军人,19
技术,19
相当于,19
一两天,19
遮挡,19
五大,19
金鹰,19
遭遇,19
官方网站,19
年内,19
负数,19
可能性,19
不必要,18
千元,18
后果,18
输错,18
复制,18
法院,18
愿意,18
步步高,18
送,18
再用,18
违法行为,18
机关,18
面临,18
未婚,18
有人,18
意味着,18
贡献,18
业内人士,18
读取,18
妥善,18
给出,18
全面,18
凭此,18
合法,18
取款机,18
回答,18
账后,18
娱乐,18
财富,18
比普卡,18
期已,18
很快,18
商务,18
打印,18
弊端,18
有没有,18
店内,18
应对,18
东方,18
个体,18
终端,18
随后,18
服务费,18
未出,18
占,18
青年,18
工商银行,18
实惠,18
网贷,18
工具,18
花钱,18
时要,18
工资卡,18
许多,18
交,18
报警,18
接通,18
订制,18
特点,18
程序,18
享用,18
工本费,18
消磁,18
频率,17
个人版,17
更好,17
几次,17
栏位,17
令,17
借给,17
债券,17
顺序,17
表现,17
一项,17
一步,17
海外,17
是不是,17
例子,17
柜员机,17
留,17
调高,17
晚,17
杜绝,17
如实,17
没什么,17
关闭,17
约,17
木木,17
威胁,17
按钮,17
降级,17
不计,17
各大,17
回访,17
骗子,17
要收,17
某某,17
随机,17
打造,17
浮动,17
相信,17
插入,17
境内外,17
卡中,17
列入,17
进,17
网付,17
撤销,17
赔付,17
长时间,17
电话号码,17
住宿,17
电,17
动态,17
链接,17
工行,17
增长,17
环境,17
日到,17
按月计,17
维护,17
送到,17
旧,17
率,17
持续,16
延长,16
仔细,16
联名,16
无论是,16
不定期,16
新办,16
大专,16
举例,16
前面,16
内部,16
搜索,16
附卡,16
网址,16
沟通,16
自由发挥,16
我爱卡,16
接收,16
万里行,16
谨慎,16
获,16
拖欠,16
加分,16
强,16
有所不同,16
窍门,16
个人住房,16
上网,16
赠送,16
出差,16
设计,16
不明,16
赚钱,16
天不等,16
在内,16
急需,16
实力,16
协议,16
华润,16
违法,16
大学,16
外汇,16
非法占有,16
证据,16
超级,16
回馈,16
换成,16
领用,16
款,16
建立,16
第三,16
调查,16
工资单,16
福利,16
世博,16
用钱,16
存折,16
之旅,16
网上商城,16
吸引,16
美食,16
同事,16
孰低,16
轮船,16
差异,16
新手,16
就近,15
街道,15
排队,15
三年,15
锁,15
保险金,15
初级,15
翻倍,15
过度,15
事业,15
十年,15
学院,15
性质,15
残疾,15
协助,15
末,15
推广,15
存放,15
以往,15
场所,15
保释金,15
数据库,15
单币,15
以下几点,15
走,15
有过,15
超,15
现场,15
解锁,15
超值,15
怀疑,15
三是,15
卡有,15
小灵通,15
日及,15
开户行,15
年利率,15
卡上,15
录入,15
后三码,15
南航,15
品牌,15
所在,15
高等学校,15
一份,15
单独,15
变成,15
神鹿,15
措施,15
力度,15
标志,15
插卡,15
抵现,15
使领馆,15
专人,15
表格,15
交易日,15
加油站,15
缴交,15
多元化,15
具体操作,15
转入,15
加入,15
风控,15
虚假,15
挂失手续,15
终止,15
昨天,15
控制,15
对比,15
以防,15
押金,15
首,15
可疑,15
也许,15
动用,15
运行,14
情节,14
自选,14
信息安全,14
借钱,14
依次,14
发展,14
退还,14
宝,14
等同于,14
放在,14
天使,14
质疑,14
海航,14
莲花,14
以上学历,14
现象,14
美金,14
随时随地,14
值得注意,14
预约,14
经理,14
许可证,14
这点,14
带上,14
合格,14
信用度,14
真假,14
公众,14
选,14
具体情况,14
离开,14
小于,14
秘籍,14
年息,14
职称,14
第五,14
负责,14
座机,14
今年,14
真正,14
有所提高,14
算是,14
直到,14
安全性,14
羊毛,14
相当,14
逐渐,14
清偿,14
交通工具,14
总是,14
租房,14
来算,14
存,14
寄,14
理财师,14
抵押,14
取决于,14
手里,14
支行,14
跑,14
卖家,14
享,14
多倍,14
法律责任,14
免去,14
金融机构,14
团购,14
丰富,14
追究,14
联手,14
卡通,13
角度,13
总计,13
个人资料,13
异议,13
卡费,13
栏目,13
坏账,13
店,13
自主,13
公共,13
事情,13
分机号,13
签订,13
执行,13
线下,13
转化,13
感觉,13
节日,13
最少,13
琴岛通,13
此类,13
特卖,13
机具,13
正规渠道,13
环保,13
视,13
蓉城,13
供选择,13
最晚,13
贷记,13
盗取,13
时勾选,13
担保,13
换发,13
曾,13
息,13
伙伴,13
评分标准,13
分配,13
小姐,13
通用,13
孩子,13
这项,13
识别,13
添加,13
卜蜂,13
详情请,13
平均,13
家人,13
删除,13
光大银行,13
最佳,13
翱翔,13
篡改,13
网页,13
停用,13
测评,13
五十万元,13
就业证,13
态度,13
代码,13
商品价格,13
未来,13
得不偿失,13
身份证号,13
必备,13
广发,13
兴业银行,13
订购,13
丢,13
友情,13
返回,13
第一步,13
尽享,13
系统生成,13
输入区,13
收年费,13
定制,13
专门,13
六位,13
输出,13
距离,13
发票,13
苏宁,13
下列,13
负面,13
充足,13
几万种,13
手动,13
挂钩,13
不便,13
共同,13
双,13
效果,13
不划算,13
专用,13
一经,13
陆续,13
那天,13
五万元,13
电子邮件,13
关心,13
达标,13
缓解,13
省,13
指导,13
改变,13
端,13
曲线,13
第二年,13
冲抵,12
攻略,12
重复,12
短时间,12
对此,12
爆,12
中信银行,12
持已,12
模糊,12
越高越,12
贵宾室,12
意识,12
下次,12
处于,12
可持,12
活期存款,12
或溢,12
位数,12
注,12
没收,12
汇款,12
明年,12
一并,12
附上,12
万事达卡,12
家电,12
换新卡,12
时刻,12
违规,12
可免,12
内地,12
军官证,12
想到,12
负责人,12
农业银行,12
包,12
一道,12
一位,12
危险,12
偿付,12
改,12
第一百九十六条,12
下方,12
先决条件,12
涉嫌,12
上调,12
优点,12
哪种,12
第一张,12
直销,12
私营,12
以外,12
警惕,12
新增,12
夫妻,12
寄给,12
众多,12
按键,12
中有,12
实施,12
总结,12
式,12
真实性,12
点评,12
剩下,12
周边地区,12
畅通,12
实行,12
推荐人,12
总数,12
航班,12
评价,12
通等,12
短期,12
转接,12
健康,12
列车,12
发送到,12
邮箱地址,12
王先生,12
两位,12
建设银行,12
相同,12
中介,12
轨道,12
情形,12
各行,12
来往,12
结束,12
改正,12
结婚,12
工程师,12
分钱,12
分项,12
养卡,12
谱,12
话费,12
皆,11
幅度,11
作,11
较长,11
辅助,11
彰显,11
可兑换,11
搞定,11
可信,11
居留,11
美容,11
中国馆,11
路,11
用满,11
办卡时,11
丢弃,11
心情,11
销卡满,11
代办费,11
短,11
填表,11
专线,11
亮点,11
人会,11
名义,11
鼓励,11
百度,11
事实上,11
犒赏,11
两天,11
结合,11
亲临,11
卡年费,11
总金额,11
职务,11
认可,11
而金卡,11
股票,11
数值,11
同一个,11
即少,11
炒股,11
用到,11
登陆密码,11
发放,11
数额较大,11
日未,11
税单,11
连锁,11
吃饭,11
自由,11
只会,11
住,11
事,11
管理人员,11
从业人员,11
错,11
整个,11
救急,11
发给您,11
千万别,11
摄像头,11
纸质,11
监控,11
岁,11
隐私,11
回来,11
两,11
单日,11
移动,11
声称,11
申卡时,11
细节,11
启用,11
下去,11
年轻,11
选项,11
知名,11
调低,11
准确,11
贵宾厅,11
推迟,11
避免出现,11
公安机关,11
应付账款,11
毁损,11
详细情况,11
逾,11
法人,11
电器,11
利润,11
公立医院,11
公里,11
太久,11
六个月,11
几十元,11
技术职称,11
广,11
举个,11
几张,11
便宜,11
暂停,11
信号,11
六次,11
刷刷,11
主卡人,11
钓鱼,11
第二次,11
误区,11
列示,11
邮件,11
做出,11
折合,11
通过率,11
逐步,11
学生,11
一到,11
殊不知,11
一套,11
星巴克,11
盗用,11
量入为出,11
存有,11
免掉,11
不变,11
分成,11
截止,11
易,11
沃德,11
保密,11
内若,11
先进,11
冒用,11
分支行,11
全新,11
扣,11
够,11
每家,11
代删,10
代,10
民生银行,10
第二步,10
万种,10
芯,10
做法,10
手机短信,10
神卡,10
开店,10
伪卡,10
从事,10
千家,10
催缴,10
发出,10
农行,10
省去,10
新世界,10
用户名,10
想分,10
发起,10
年化,10
煤,10
管理费,10
这时候,10
强制,10
补充,10
米兰,10
信用贷款,10
总体,10
刑事责任,10
总和,10
更大,10
答案,10
印着,10
借款,10
分钟,10
分起,10
断裂,10
书面,10
证券,10
个人收入,10
核卡日,10
签,10
更能,10
投资者,10
根本,10
分支机构,10
飞机,10
概率,10
双重,10
会高,10
最为,10
信,10
不慎,10
集中,10
几率,10
收单,10
集,10
文化,10
有着,10
热情周到,10
既有,10
折抵,10
所属,10
烦恼,10
每周五,10
这部分,10
突然,10
分析,10
利益,10
常识,10
退休,10
公积金,10
公立学校,10
或准,10
加办,10
打折,10
打开,10
慎用,10
限,10
网关,10
版网,10
步,10
新居,10
琳琅满目,10
第七天,10
明显,10
酌情,10
现行政策,10
美国,10
报案,10
不小,10
得知,10
记,10
月份,10
省钱,10
存单,10
乱,10
彻底,10
认真,10
无力,10
入,10
入住,10
左上角,10
诸多,10
陷入,10
下称,10
名单,10
由主,10
缺点,10
放到,10
放假,10
万不得已,10
延迟,10
公共交通,10
社保卡,10
当钱花,10
难以,10
举例说明,10
哈根达斯,10
开卡后,10
需在,10
可享,10
大大提高,10
百分百,10
短期内,10
爱奇艺,10
内有,10
大小,10
勾选,10
资格证书,10
新户,9
栏,9
符合条件,9
乔迁,9
越强,9
好好,9
邮储,9
相,9
青睐,9
赶紧,9
负担,9
救援,9
界面,9
同名,9
邮政,9
催款,9
着急,9
印有,9
存取,9
随心,9
放弃,9
随即,9
好用,9
聚餐,9
重点,9
普及,9
三位,9
诸如,9
分享,9
主流,9
后面,9
若前,9
应为,9
第一个,9
第一天,9
主观,9
为此,9
收银员,9
驾驶证,9
工商,9
邮箱,9
笔数,9
挑战,9
万到,9
没钱,9
第三步,9
主题卡,9
几点,9
实体,9
陈某,9
无期徒刑,9
暂,9
就业,9
配合,9
双方,9
威士,9
举证,9
齐全,9
发,9
团体,9
浦发银行,9
无效,9
有限,9
收款,9
去年,9
身体,9
值,9
受损,9
需注意,9
查询电话,9
被保险人,9
支配,9
年度,9
监管,9
道路,9
主卡有,9
犯罪分子,9
股市,9
领回,9
有车,9
取得,9
水电,9
批核,9
方案,9
顺利,9
省时,9
尊贵,9
此种,9
购车,9
处罚,9
一体,9
不收,9
培养,9
事先,9
视线,9
南财小编,9
开卡满,9
予以,9
相反,9
房,9
换购,9
备注,9
会员卡,9
段时间,9
多项,9
不易,9
便利店,9
促销,9
积极,9
开支,9
网银后,9
判定,9
切忌,9
这次,9
模块,9
作用,9
医保,9
大堂,9
结账,9
卡均,9
规模,9
对待,9
授信,9
开展,9
时即,9
卡为,9
疏忽,9
多刷,9
区分,9
外加,9
撸,9
卡可,9
家庭版,9
航线,9
外地,9
涵盖,9
家里,9
清除,9
填写表格,9
面对,9
面广,9
此次,9
刷满,9
死亡,9
务必,8
若张,8
纪录,8
发达,8
调取,8
年底,8
知晓,8
自然人,8
定期存款,8
事宜,8
各地,8
团办,8
并未,8
宽松,8
户口簿,8
编号,8
完善,8
初审,8
合作伙伴,8
实习,8
三期,8
搬,8
骗取,8
买卖,8
睡眠,8
三项,8
进出,8
做好,8
民生,8
编要,8
忽视,8
时会,8
用户注册,8
停止,8
困境,8
装置,8
报送,8
资金紧张,8
受欢迎,8
弥补,8
上当受骗,8
一半,8
过后,8
延时,8
滚动,8
导入,8
贵,8
复合,8
第二种,8
输入您,8
元年,8
不当,8
居住地,8
错过,8
噢,8
好礼,8
第二张,8
研究生,8
繁忙,8
强调,8
广泛,8
外国人,8
码写,8
季度,8
北,8
当初,8
普,8
核验,8
回复,8
过高,8
日常生活,8
阶段,8
金融类,8
教师,8
给力,8
宽限,8
集体,8
升,8
接触,8
税后,8
回国,8
欧洲,8
构成,8
不尽相同,8
附,8
砖,8
元积,8
回,8
未注册,8
写太多,8
税前,8
封顶,8
查到,8
超低,8
购,8
百万,8
个人所得税,8
闪付,8
工资收入,8
实用,8
印刷,8
太低,8
借记,8
零钱,8
切记,8
借贷,8
后台,8
比方说,8
我要,8
上交,8
京东,8
机器,8
非赢利,8
办卡人,8
所在地,8
名,8
划入,8
正本,8
项,8
消息,8
每周,8
群体,8
驾,8
交纳,8
漏洞,8
预订,8
非常低,8
非多张,8
盖,8
按揭,8
并不一定,8
前期,8
非盈利性,8
分开,8
小张,8
例外,8
天天,8
专为,8
拘役,8
个人财产,8
寄回,8
理解,8
多方面,8
卡率,8
证实,8
话,8
呆账,8
会以,8
核准,8
向导,8
耐心,8
企业法人,8
时多缴,8
后代,8
营销,8
港澳,8
券,8
顺延,8
剩,8
费外,8
假,8
折算,8
惊喜,8
公交,8
香港,8
打算,8
年份,8
中层,8
自我,8
二次,8
嫌,8
申请者,8
代驾,8
疑似,8
出于,8
急,8
划转,8
港币,8
刺激,8
申请书,8
时机,8
多出,7
年轻人,7
业主,7
持有人,7
搜集,7
不高,7
明白,7
吞卡,7
人办,7
不足以,7
品味,7
接近,7
爱,7
车牌,7
真,7
一名,7
听,7
若能,7
需持,7
故障,7
巧用,7
银监会,7
多分,7
我国,7
本质,7
正在,7
不太可能,7
繁琐,7
薅,7
牢记,7
未必,7
可控,7
第一种,7
黑,7
字样,7
字,7
哪一天,7
如未,7
后会,7
看重,7
联网,7
特性,7
月末,7
换汇,7
之窗,7
装修,7
无疑,7
是否是,7
制定,7
全方位,7
吃,7
银行业务,7
多存,7
退订,7
追求,7
作废,7
久,7
亲友,7
清晰,7
共用,7
年限,7
选择性,7
加快,7
刷够,7
加密,7
组成,7
心,7
跟着,7
跨,7
自由职业者,7
副本,7
无卡,7
后要,7
多一些,7
业,7
时代,7
VISA卡,7
身上,7
唯一,7
人群,7
万左右,7
周,7
前台,7
五来,7
亦可,7
联系方式,7
最受,7
对象,7
一两次,7
职工,7
目标,7
不批,7
近日,7
一点点,7
省心,7
上线,7
隔,7
所欠,7
刘翔,7
有钱,7
职员,7
电影,7
犯罪,7
图片,7
视同,7
详细信息,7
用卡者,7
起批,7
怎么回事,7
几家,7
两周,7
市,7
赎回,7
索要,7
第四,7
手,7
收回,7
困扰,7
留住,7
祥瑞,7
系列,7
单上,7
经济基础,7
反正,7
代理,7
不愿,7
经济损失,7
来自,7
道理,7
三位数,7
主动出击,7
核卡后,7
梦想,7
二十万元,7
企业主,7
实践,7
校验码,7
时尚生活,7
分中心,7
赢利,7
攒,7
礼,7
通行,7
积,7
理论,7
二代,7
激活码,7
分子,7
这期,7
有房,7
淘宝网,7
更高达,7
盖章,7
要素,7
用卡时,7
称为,7
原则上,7
启动,7
在手,7
划分,7
债务人,7
太平洋卡,7
有权,7
以此,7
上个月,7
防,7
有点,7
即日起,7
件,7
阅读,7
答复,7
面要,7
几号,7
免谈,7
寻找,7
满后,7
管理条例,7
封卡,7
好几,7
回拨,7
日才,7
那一刻,7
有免,7
手势,7
强大,7
手头,7
居民身份证,7
衣食住行,7
四十五天,7
医疗,7
尽情,7
续卡,7
叠加,7
记者,7
业绩,7
过失,7
越大,7
补,7
期限内,7
发送给,7
智能,7
讲,7
元到,7
保证金,7
煤气费,7
寻求,7
完美,7
中华人民共和国,7
另计,7
冒名,7
无误,7
有利,7
不行,7
定义,7
本来,6
象征,6
规范,6
疑惑,6
小型,6
地点,6
帖子,6
小额贷款,6
本期发生,6
商旅,6
骗,6
车主,6
完全免费,6
费为,6
场合,6
足不出户,6
多种多样,6
平日,6
谨防,6
时所,6
上表,6
块钱,6
日内,6
骗局,6
学会,6
存进,6
效,6
新卡有,6
普卡金卡,6
足,6
多钱,6
绝招,6
无脑,6
普卡高,6
计算公式,6
小看,6
网吧,6
场景,6
上门,6
应缴,6
计算机,6
告别,6
居留证,6
谨记,6
开辟,6
地位,6
不良行为,6
尽量减少,6
填完,6
见证,6
有利于,6
三张,6
妻子,6
帮手,6
下个,6
调阅,6
说法,6
奔波,6
委托,6
日子,6
首选,6
安排,6
就是指,6
不同于,6
贴士,6
高些,6
联合,6
网店,6
寸,6
月度,6
赔,6
路线,6
一部,6
继承人,6
网摘,6
头上,6
费时费力,6
好友,6
引起,6
多币,6
大宗,6
不设,6
宣传,6
下调,6
明示,6
新型,6
记录在案,6
期来,6
常有,6
有个,6
周转,6
下卡率,6
起步,6
商业,6
越好,6
实实在在,6
要用,6
越多越好,6
如遇,6
增设,6
如需,6
颜色,6
新规,6
请以,6
领域,6
听说,6
提醒您,6
户,6
非正常,6
逍遥,6
到手,6
制作,6
中行,6
刷得,6
简便,6
此项,6
逃避,6
刻起,6
蒙受,6
送达,6
成都,6
力,6
正好,6
管家,6
意大利,6
意外事故,6
初步,6
每人,6
列印,6
需谨慎,6
手上,6
减轻,6
民事权利,6
所说,6
毕业,6
几笔,6
理想,6
遗产,6
遇,6
营业,6
出境,6
出示,6
所列,6
出错,6
每种,6
列为,6
次酒,6
虽小,6
变得,6
精美,6
标的,6
还错,6
标明,6
顶级,6
高级,6
两点,6
参照,6
双卡,6
反应,6
发卡量,6
运用,6
某人,6
发现自己,6
索赔,6
街边,6
取钱,6
受信,6
林先生,6
受限,6
用办,6
支取,6
区间,6
危机,6
医生,6
高速,6
千条,6
想取,6
单张,6
进一步,6
单身,6
卖,6
韦德,6
卡函会,6
您提,6
个性化,6
卡及,6
卡后,6
个人隐私,6
支付卡,6
卡比,6
卡类,6
一大,6
汇丰银行,6
冒充,6
代查,6
热线服务,6
以备,6
舞弊,6
休闲,6
招呼,6
相对来说,6
二个月,6
拖,6
损坏,6
一件,6
会计,6
满足条件,6
难事,6
长久,6
稍,6
锁定,6
住所,6
体系,6
一兆,6
热门,6
秒级,6
付出,6
交易会,6
交给,6
指示,6
自行决定,6
指数,6
物品,6
随手,6
人为,6
人力资源部,6
指出,6
按规定,6
人手,6
挂,6
人身,6
陈女士,6
燃眉之急,6
五一,6
照片,6
何时何地,6
一共,6
难免,6
一分,6
充分利用,6
金卡有,6
批下来,6
量力而行,6
入手,6
波动,6
全家,6
扣减,6
一句,6
打头,6
共计,6
第三个,6
举办,6
现金交易,6
一周,6
主附卡,6
省力,6
若干,6
雇主,6
儿童,6
倒,6
使用期,6
依然,6
银行存折,6
清算,6
保持一致,6
保险产品,6
信誉,6
倒卡,6
金融业务,6
投入,6
排除,6
技术手段,6
浦发,6
偷窥,6
偿付能力,6
浏览器,6
金融服务,6
必需,6
所在单位,6
差,6
较强,6
过往,6
可行,6
收集,6
转到,6
来电显示,6
达叔,6
转移,6
名片,6
收藏,6
转出,6
预存,6
聪明,6
预算,6
只用,6
预支,6
软件,6
心理,6
纳入,6
来定,6
合一,6
口,6
来收,6
含原,6
打个,5
不上,5
多样化,5
没戏,5
具体内容,5
具,5
没房,5
晚上,5
妥善处理,5
举报,5
其他费用,5
多样,5
辨识,5
娱乐场所,5
黑中介,5
普卡主卡,5
提出异议,5
瞬间,5
主附,5
第二个,5
司法,5
高风险,5
如为,5
极高,5
未经,5
获批,5
现钞,5
冲动,5
缤纷,5
礼宾,5
薪资,5
继承,5
义务,5
最高人民法院,5
免得,5
量,5
正是,5
零售,5
明确规定,5
若遇,5
金卡会,5
是非,5
安全系数,5
触犯,5
安全隐患,5
轻轻,5
明明,5
承受,5
推,5
表面,5
扣率,5
党,5
存管,5
读卡器,5
下表中,5
存取款,5
各异,5
全币,5
第一年,5
专项,5
需为,5
媒体,5
公约,5
没错,5
且会,5
水电费,5
多用,5
商店,5
房子,5
列表,5
电信,5
户籍,5
非常适合,5
鲤鱼,5
刑事,5
店内店,5
省掉,5
分辨,5
签单,5
房屋,5
提示信息,5
为取,5
补齐,5
刚刚,5
大笔,5
初始密码,5
由此,5
心动,5
中间,5
截止日,5
别忘了,5
签署,5
心仪,5
选购,5
到达,5
制,5
提高警惕,5
当做,5
大城市,5
最大化,5
通达,5
筛选,5
主卡及,5
财务部,5
编来,5
一系列,5
遭到,5
套,5
元为,5
多笔,5
提到,5
天猫,5
世博会,5
套餐,5
财务状况,5
遵守,5
解决问题,5
夸大,5
微,5
所用,5
我能,5
红日,5
台湾同胞,5
不利,5
不利于,5
营业厅,5
为首,5
考核,5
可选,5
货到付款,5
可返,5
天算,5
可谓,5
出门,5
套取,5
相关联,5
完毕,5
三码,5
以卡养,5
希财网,5
论坛,5
布放,5
二至,5
挺,5
代扣,5
特选,5
本科,5
已销,5
挣钱,5
讲究,5
拿出,5
后续,5
附加,5
二来,5
机动车辆,5
点龙腾,5
征收,5
问题解答,5
小林,5
招,5
计赔,5
转帐,5
闲置,5
任务,5
设有,5
任何人,5
状况良好,5
点前,5
旅程,5
省下,5
以来,5
熟人,5
熟悉,5
事由,5
记载,5
无担保,5
离职,5
人们,5
认准,5
无息,5
转为,5
机凭,5
物业,5
差旅,5
龙腾,5
产权,5
吸引力,5
含有,5
交易方式,5
认识,5
后顾之忧,5
记为,5
私人,5
族,5
附带,5
介质,5
居家,5
持平,5
订机票,5
展望,5
履约,5
人身保险,5
私营企业,5
人行,5
属实,5
人生,5
私家车,5
周先生,5
日则,5
领卡,5
留心,5
候机,5
审查,5
时应,5
俱乐部,5
计付,5
详细资料,5
买入,5
平常,5
淘汰,5
宴请,5
深圳发展银行,5
该项,5
空间,5
俗称,5
窥视,5
领到,5
把握,5
做主,5
乘坐,5
警官证,5
办张,5
健身,5
浪费,5
年初,5
误刷,5
假期,5
时段,5
实名,5
海淘,5
花边,5
钞,5
本币,5
网银上,5
转换成,5
依法,5
键,5
但会,5
自带,5
真是,5
预览,5
伪冒,5
诈骗罪,5
名企,5
满额,5
自律,5
长远性,5
会计师,5
会有,5
评审,5
优质服务,5
位于,5
换取,5
抽奖,5
游客,5
依旧,5
很小,5
抵年费,5
同城,5
抵消,5
上次,5
本息,5
试试,5
高档,5
骗领,5
试点,5
体会,5
日算,5
搞,5
再借不难,5
懂得,5
卡账,5
南京,5
南,5
两到,5
勿,5
运通,5
卖出价,5
支付现金,5
碰到,5
国庆节,5
期满,5
行动,5
走遍,5
四个,5
补发,5
欲望,5
开卡时,5
快速通道,5
有失,5
素质,5
卡扣,5
外资,5
某月,5
这家,5
发工资,5
有效期限,5
敬请,5
势力,5
有无,5
擅自,5
有借有还,5
地铁,5
半价,5
硬性,5
欠缴,5
华夏银行,5
总分,5
备用金,5
标示,5
有用,5
午餐,5
即该,5
备案,5
给付,5
只收,5
单个,5
百元,5
单卡,5
行李,5
补救,5
地摊,5
远远,5
单月,5
复印,5
急于,5
违约,5
越长,5
面上,5
股份制,5
区,5
顺便,5
行驶,5
填妥,5
在编人员,5
超长,5
破坏,5
变相,5
卡小二,5
变,5
个人身份,5
构成犯罪,5
型,5
过错,5
卡刷,5
高尔夫,5
不时之需,5
多元,5
过来,5
卡免,5
多半,5
累积到,5
有息,5
退,5
经历,5
可加分,5
叫做,5
这能,5
这类,5
胶布,5
数字证书,4
保质期,4
周转不灵,4
年费会,4
安全可靠,4
自住,4
充电,4
身处,4
权,4
银率,4
家居,4
该类,4
捷径,4
神州,4
东亚银行,4
独享,4
个体户,4
终身,4
高中文化,4
钻石,4
授予,4
有意,4
印象,4
报备,4
符合要求,4
严格遵守,4
话题,4
电邮,4
寄卡,4
宁波,4
洗钱,4
同享,4
空,4
例,4
机率,4
总好,4
光大,4
之路,4
诚信,4
标记,4
翻身,4
一分钱,4
时不时,4
侧重,4
玩,4
上班,4
便于,4
金卡下,4
请求,4
合理安排,4
各笔,4
流量,4
过低,4
抓住,4
儿子,4
说了算,4
一款,4
年末,4
相加,4
网络平台,4
不法,4
年免,4
很贵,4
下下个月,4
偏,4
年入,4
海内外,4
率先,4
坑爹,4
块,4
催,4
宝贵,4
垂青,4
做生意,4
做过,4
首刷,4
苏果,4
迅速,4
承诺,4
这才,4
时间段,4
不详,4
轻松自如,4
信任,4
警方,4
信函,4
充值卡,4
折现,4
信息港,4
乘次,4
接触式,4
精打细算,4
放,4
说白了,4
窃取,4
信贷业务,4
液晶电视,4
涨幅,4
客户经理,4
涨,4
买个,4
不说,4
接纳,4
说来,4
时常,4
眼花缭乱,4
流入,4
钱款,4
平板,4
合用,4
卡系,4
排列,4
元至,4
实质,4
钞票,4
一元,4
总会,4
服务提供商,4
古城,4
挑选,4
三点,4
特此证明,4
后者,4
五万,4
发短信,4
一不小心,4
五为,4
快慢,4
届满,4
届满时,4
不良影响,4
车子,4
超时,4
两三天,4
迎来,4
真伪,4
局限,4
敏感,4
运营,4
附加码,4
后盾,4
本次,4
代偿,4
代价,4
科学,4
阵子,4
讲解,4
固定资产,4
仔细阅读,4
看中,4
阿拉伯数字,4
阿虎,4
照样,4
不良信息,4
爸爸,4
美好生活,4
就会,4
指纹,4
亲笔签名,4
五种,4
必要条件,4
领先,4
亲属,4
领,4
指新卡,4
不让,4
无关,4
验明,4
工龄,4
特快,4
专业人士,4
交易类型,4
回乡证,4
回到,4
禁止,4
随同,4
工商业,4
忠诚度,4
工号,4
离线,4
隐形,4
特有,4
人有,4
往来,4
无权,4
街头,4
一万,4
工会,4
盾,4
吐,4
人力,4
三大,4
期效,4
自由选择,4
限定,4
过网,4
发家致富,4
秒速,4
抵用,4
原理,4
性别,4
满分,4
估计,4
满意,4
土豪,4
起始,4
传单,4
漏,4
会变,4
厦门,4
旅店,4
两笔,4
小到,4
会收,4
潜在,4
门禁,4
澳,4
免付,4
日时,4
事件,4
在外,4
争取,4
精选,4
税费,4
抹,4
同期,4
留给,4
同步,4
高峰期,4
经营范围,4
数均,4
低额,4
抽屉,4
机将,4
支援,4
稍微,4
锦江,4
日本,4
积数,4
小小,4
国债,4
不算什么,4
任性,4
有限公司,4
国有,4
一瓶,4
驾车,4
以资抵债,4
罪,4
反复,4
征得,4
效益,4
发到,4
经济师,4
三倍,4
秘密,4
被窃,4
热线电话,4
二者,4
票价,4
招牌,4
仿冒,4
招待,4
招商,4
优酷,4
查证,4
两期,4
优秀教师,4
事故,4
参考值,4
问清,4
疑问请,4
优惠政策,4
拖延,4
查查,4
小白,4
收入水平,4
按天,4
线上,4
日为界,4
休眠,4
重视,4
明星,4
扣费,4
基准,4
出游,4
太多,4
太大,4
出境游,4
出国前,4
出售,4
终于,4
想着,4
可随,4
太忙,4
出入,4
夫妻关系,4
道德风险,4
电子邮箱,4
凭条,4
失信,4
凭据,4
违反,4
十倍,4
想象,4
分析师,4
天下,4
面,4
省时省力,4
店外,4
意义,4
心急,4
资本,4
来电,4
开头,4
质押,4
维持,4
为次,4
辅助材料,4
每隔,4
可使,4
策略,4
解,4
几项,4
单方面,4
电影票,4
摆脱,4
可乐,4
哪往,4
女性,4
准时,4
半月,4
珠宝,4
想免,4
邀约,4
好事,4
背上,4
永久性,4
好办,4
冤枉钱,4
农,4
改善,4
好多,4
套路,4
进程,4
第四步,4
奇葩,4
远,4
几百块,4
几百元,4
财经,4
摄像机,4
未满,4
应摊,4
财小编,4
套牢,4
几年,4
条例,4
解决办法,4
财务部门,4
高尔夫球场,4
进门,4
套出来,4
电子对,4
飞,4
列,4
表,4
此前,4
慢慢,4
前段时间,4
规避,4
多花,4
前提条件,4
加大,4
多长时间,4
简称,4
前两天,4
正,4
逃税,4
虚拟,4
大件,4
选中,4
统计,4
整整,4
中文,4
剪碎,4
一挥,4
懒人,4
正当,4
多大,4
退税,4
薪金,4
成倍,4
办新卡,4
不好意思,4
绝大部分,4
办到,4
办公室,4
多年,4
高学历,4
绝大多数,4
办下,4
大到,4
整数,4
动,4
外泄,4
每一,4
度身,4
大用处,4
勤,4
输,4
户口本,4
高出,4
可获,4
通卡,4
贬值,4
列明,4
观点,4
贪图,4
递送,4
心中有数,4
贷方余额,4
中请,4
选对,4
虚荣心,4
刷出,4
心得,4
制卡,4
外面,4
大学本科,4
理赔,4
签证,4
透明,4
利用率,4
中银,4
延后,4
截点,4
延伸,4
编一,4
法律手段,4
各不相同,4
赚取,4
显著,4
一台,4
南方,4
郑州,4
主题,4
春节,4
能省,4
餐馆,4
全看,4
全款,4
情况严重,4
可不可以,4
兹,4
韩国,4
养,4
重,4
如有,4
扣取,4
没刷,4
入门,4
入职,4
重大,4
邮购,4
一遍,4
占便宜,4
申诉,4
之中,4
广东发展银行,4
研究,4
共同财产,4
新密码,4
推销,4
沦为,4
描述,4
公用事业,4
饭店,4
公用,4
需先,4
手机费,4
都市,4
提上去,4
缺,4
始建,4
概念,4
改造,4
现实,4
概要,4
公共场所,4
妨害,4
不断更新,4
改申,4
情节严重,4
普卡下,4
没用,4
兼,4
开证,4
入口,4
再查,4
内所,4
收钱,4
重要性,4
重要依据,4
存量,4
内存,4
再扣,4
江南水乡,4
黄金会员,4
扣溢,4
读写,4
模拟,4
提倡,4
免税店,4
喜爱,4
存款单,4
中介机构,4
没关系,4
可不是,4
重庆,4
相较,3
舍得,3
开卡太多,3
一方,3
新年,3
落,3
开据,3
一路,3
老家,3
要换,3
能刷,3
整户,3
操作步骤,3
荣耀,3
数目,3
扣钱,3
或非,3
一长,3
市话,3
收款人,3
执业资格,3
自称,3
接受度,3
承认,3
营运,3
改革,3
一劳永逸,3
高到,3
一栏,3
血拼,3
致,3
一招,3
打来,3
整期,3
推行,3
心态,3
扩大,3
按卡,3
行不通,3
整齐,3
接电话,3
意外保险,3
无价,3
度假,3
教程,3
或主卡,3
张贴,3
慰问,3
街上,3
开放,3
当事人,3
控,3
一过,3
很长,3
一万元,3
高品质,3
成长,3
已列,3
行中,3
当成,3
心地,3
胡编乱造,3
若想,3
慎重,3
往后,3
联合推出,3
裁定,3
托斯卡纳,3
必然,3
成立,3
扫描,3
一两个,3
蓝色,3
高铁,3
放心使用,3
薪水,3
一百九十六,3
成熟,3
息息相关,3
新闻,3
或电子邮件,3
收银台,3
能免,3
差额,3
若因,3
落入,3
苹果,3
收支,3
虚构,3
操作员,3
快递费,3
扔,3
持有者,3
当作,3
帐款,3
一转眼,3
花旗银行,3
摆摊,3
施罗德,3
黄,3
提前结束,3
常规,3
收购,3
得出,3
广州,3
要说,3
扒,3
一大堆,3
行情,3
总行,3
高招,3
耗时,3
抽风,3
白白浪费,3
行列,3
行政处罚,3
掏,3
担保人,3
所有人,3
放款,3
引开,3
计,3
联系电话,3
所指,3
敲门砖,3
新卡用,3
联盟,3
高兴,3
掂量,3
报喜,3
惩罚,3
获知,3
万美元,3
干预,3
弄清楚,3
方方面面,3
万块,3
手到擒来,3
手机软件,3
折腾,3
自动更新,3
老年人,3
抱怨,3
解析,3
想办,3
老板,3
黑色,3
观察,3
节前,3
万台,3
装有,3
干嘛,3
总共,3
投资人,3
投诉,3
收益率,3
店铺,3
携程,3
异常情况,3
广东,3
房租,3
店主,3
德才兼备,3
花销,3
开口,3
开发,3
捂住,3
打入,3
万来,3
高等级,3
挽留,3
整体,3
接入,3
看不到,3
放置,3
庞,3
能查,3
而生,3
帐,3
庞大,3
高峰,3
订,3
张华,3
收发,3
自治区,3
高管,3
文章,3
引来,3
腾讯,3
旅客,3
投机者,3
能办,3
性价比,3
常会,3
换上,3
性,3
所填,3
影响力,3
损害,3
看出,3
应立即,3
放着不用,3
放松,3
盯紧,3
效率,3
急用,3
西餐厅,3
一人,3
总费用,3
惊人,3
拒收,3
拓展,3
万免,3
总部,3
腾出,3
底片,3
收银,3
看似,3
特征,3
按户,3
过长,3
金额满,3
另一方,3
紧急通知,3
极致,3
健忘,3
竞争,3
金钱,3
变多,3
受限于,3
紧急情况,3
过硬,3
测试,3
测算,3
金色,3
受到限制,3
过节,3
元于,3
杰出,3
停发,3
做个,3
可为,3
预先,3
繁长,3
辨别,3
可得,3
繁多,3
可到,3
立案,3
召唤,3
过卡,3
叫好,3
迅捷,3
业者,3
东南亚,3
海南,3
杭州,3
两万,3
金有,3
元凶,3
两款,3
金可,3
两步,3
金卡能,3
两组,3
两网,3
硬件,3
原始,3
原地,3
两项,3
原力,3
原先,3
查阅,3
硬盘,3
王女士,3
讨厌,3
还贷,3
却是,3
确为,3
还够,3
参考资料,3
笔迹,3
近两年,3
发给,3
用够,3
发来,3
发挥,3
发愁,3
发帖,3
顺畅,3
金普卡,3
查无此人,3
两大,3
双刃剑,3
金普,3
元旦,3
笔者,3
及时处理,3
及早,3
金投网,3
假卡,3
海陆,3
纠纷,3
值得一提的是,3
深圳,3
由主卡,3
周围,3
与会,3
周六,3
深受,3
信任度,3
几款,3
告示,3
呈现,3
信头,3
吴,3
车道,3
机中,3
深发展,3
转交,3
转借,3
信尾,3
机制,3
周转资金,3
身在,3
本国,3
银子,3
商圈,3
跨地区,3
由心,3
路上,3
路演,3
哪家,3
未补,3
跳转,3
不靠,3
踏实,3
保有,3
难积,3
保费,3
保除,3
买家,3
不需,3
和准,3
突破,3
后果自负,3
后期,3
右上方,3
级,3
吃喝玩乐,3
司法解释,3
借机,3
材质,3
较易,3
雄厚实力,3
右下方,3
台胞证,3
用该,3
台湾,3
窗口,3
台,3
消费信贷,3
消失,3
值为,3
纠结,3
各个领域,3
借出去,3
线,3
信用风险,3
机和,3
名词解释,3
名及,3
同胞,3
机子,3
信报,3
用过,3
专有,3
信箱,3
各张,3
信贷资金,3
吉时,3
机盗,3
率为,3
预期,3
钱来,3
各期,3
各有,3
活力,3
还须,3
用卡人,3
办好,3
中查,3
中止,3
现金流,3
适用人群,3
前先,3
选出,3
那张,3
刷得保,3
刷大单,3
再收,3
刷后,3
非法经营,3
简介,3
需有,3
刷光,3
武警,3
那单,3
到来,3
到时候,3
前如,3
中未,3
现金支付,3
部署,3
甚至于,3
退房,3
其他人,3
正数,3
退而求其次,3
办卡员,3
其向,3
办公,3
没想到,3
适度,3
部,3
内不限,3
内刷,3
此人,3
第三种,3
邮政储蓄,3
邮局,3
冒领,3
民事,3
气而,3
减下,3
遵循,3
出台,3
主体,3
比普卡大,3
出发,3
几万,3
几十秒,3
分值,3
遍布,3
道,3
凭网,3
几月,3
主卡且,3
理念,3
几期,3
主卡名,3
分数,3
第五个,3
非必要,3
求助,3
永远,3
利于,3
丰厚,3
判刑,3
非接,3
创新,3
创业,3
通讯录,3
列出,3
通告,3
临额,3
刑事犯罪,3
刑事案件,3
每季度,3
为乐购,3
通讯,3
办卡送,3
正巧,3
退出,3
玩乐,3
这款,3
克隆,3
之星,3
玩转,3
粘,3
零点,3
注意力,3
粗心大意,3
卡办,3
档案,3
入到,3
卡债,3
概括,3
卡主卡下,3
卡主,3
南财,3
单次,3
单期,3
这样的话,3
这样一来,3
量力而为,3
卡要,3
标签,3
即为,3
栏上,3
王小姐,3
卡部,3
这件,3
这位,3
符号,3
津贴,3
符合规定,3
卡神小编,3
金卡主卡,3
这天,3
核批,3
卡所,3
卡惠网,3
卡惠,3
核查,3
单子,3
进件,3
单位地址,3
算法,3
努力,3
六大,3
酒吧,3
酒后,3
款式,3
加重,3
没车,3
久而久之,3
迟迟,3
加收,3
配发,3
算年费,3
现行,3
追踪,3
生,3
都行,3
泄漏,3
迟,3
单一,3
法定代理,3
里拉,3
协会,3
欠下,3
华为,3
中勾选,3
半个,3
全程,3
远比,3
公司员工,3
远离,3
欠账,3
违法犯罪,3
现存,3
公共事业,3
匹配,3
管理层,3
生息,3
终了,3
告诉您,3
跟上,3
存储,3
防骗,3
防盗,3
请询,3
代理人,3
令人,3
防控,3
星级,3
字头,3
租赁,3
下边,3
下达,3
媒体报道,3
娱类,3
显得,3
显然,3
妹纸,3
妙招,3
付现金,3
付清,3
安全级别,3
明智之举,3
时有,3
误,3
误以为,3
仍应,3
隐患,3
实体店,3
宝座,3
诱惑,3
诱骗,3
定为,3
官,3
付款人,3
时须,3
昂贵,3
明明白白,3
说话,3
妙,3
如月,3
替换,3
不受,3
太过,3
账本,3
会为,3
账目,3
电子标签,3
天间,3
天至,3
澳门,3
天会,3
瞄准,3
质量,3
会员号,3
门路,3
续订,3
不可避免,3
替代,3
不合理,3
不像,3
失去,3
编码,3
优卡,3
闹到,3
灰心,3
如办,3
伊利,3
间歇式,3
好评,3
不交年费,3
负,3
负债累累,3
缩水,3
众所周知,3
餐,3
奴隶,3
不低,3
难批,3
女,3
套码,3
时才,3
仅限于,3
客运,3
痕迹,3
三类,3
尴尬,3
五金,3
就行,3
许可,3
就免,3
痛快,3
设,3
爆卡,3
少量,3
既会,3
少许,3
限次,3
少数,3
少年儿童,3
限度,3
上会,3
牵扯,3
屏幕,3
记忆,3
特,3
工资待遇,3
随地,3
交易所,3
美饰,3
交易过程,3
工商户,3
交由,3
交费,3
交还,3
登上,3
记不清,3
票面,3
些,3
记在,3
亚马逊,3
属,3
小队长,3
小谭,3
证,3
降到,3
对外,3
陌生,3
日起计,3
马虎,3
日钱,3
人用,3
爱奇,3
网银中,3
陈先生,3
陈,3
亿元,3
寄来,3
爆料,3
家庭主妇,3
家具,3
时因,3
宴会,3
私密,3
私企,3
小王,3
疾病,3
真实情况,3
牛市,3
小提示,3
评判,3
人可为,3
小便宜,3
罚,3
小事儿,3
秀出,3
尊尚,3
将来,3
票数,3
降息,3
对话框,3
对话,3
漂一族们,3
火车,3
风险性,3
固定收入,3
国有银行,3
住房贷款,3
不能允许,3
士兵证,3
声明,3
服务台,3
处理速度,3
处置,3
使用率,3
备查,3
资深,3
服务商,3
国,3
服务平台,3
结构,3
团队,3
依赖度,3
不良后果,3
外借,3
锦囊,3
外有,3
买菜,3
不开,3
不应,3
费越,3
短信内容,3
不幸,3
事业费,3
有多张,3
经济负担,3
侧面,3
赡养费,3
赴,3
均会,3
有望,3
坏,3
结余,3
申明,3
地步,3
坚强,3
港澳地区,3
申根,3
港,3
何种,3
申对,3
湖南省,3
银行贷款,3
基数,3
起到,3
在家,3
在场,3
不禁,3
起才,3
圈友们,3
独特,3
图,3
基本功能,3
堪称,3
回报,3
申卡后,3
但小编,3
多重,3
不太,3
善良,3
最早,3
期望,3
便会,3
多缴,3
四是,3
银行业,3
越易,3
四川,3
大批,3
最迟,3
空白,3
够用,3
传输,3
大写,3
终端机,3
大手大脚,3
不同点,3
传言,3
嘈杂,3
最合适,3
未办理,3
大大降低,3
费免,3
多款,3
四种,3
月均,3
外露,3
月租,3
事儿,3
银行利息,3
商行,3
不容忽视,3
月工资,3
多份,3
期免,3
大方,3
传到,3
漂,3
最低标准,3
长久之计,3
银行借款,3
大法,3
多天,3
商铺,3
多加,3
保中,3
多地,3
最高人民检察院,3
温情,2
理,2
消费额,2
掉包,2
自主权,2
第三天,2
第二十四条,2
没准,2
独有,2
率以,2
猜,2
深信,2
等候,2
物业费,2
省事,2
相比之下,2
清白,2
永达店,2
清醒,2
牵连,2
现钱,2
水涨船高,2
深度,2
汇兑,2
汇入,2
汇出,2
民营企业,2
神兽,2
物理,2
汇去,2
渤海,2
牛,2
稳重,2
江,2
江苏,2
票款,2
消费观念,2
河北,2
稳定度,2
移机,2
洞,2
狂,2
站,2
捆绑,2
洗车,2
神,2
控件,2
注重,2
脱机,2
注意安全,2
犯罪行为,2
犯罪案件,2
点数,2
相似,2
能销,2
注册资金,2
点此,2
现今,2
第一件,2
灰,2
火热,2
法是,2
王,2
漫长,2
流动性,2
潇洒,2
笔记本,2
派,2
活跃,2
损失惨重,2
澳元,2
积攒,2
积增,2
流畅,2
流转,2
活动课,2
接听,2
捏,2
端为,2
状态栏,2
激光,2
激烈,2
挽救,2
热心人,2
消费行为,2
税收,2
挡住,2
推送,2
自然而然,2
熊猫,2
没过几天,2
挖掘,2
熟练,2
相匹配,2
熟记,2
礼尚往来,2
稳健,2
能换,2
游,2
自下,2
种种原因,2
自备,2
消费水平,2
消费类,2
爱卡爱,2
移作,2
治本,2
稍慢,2
换家,2
脱落,2
能量,2
稍有不慎,2
推移,2
自测,2
稍稍,2
法庭,2
法定继承,2
法定,2
挥之不去,2
涂改,2
照付,2
湖南,2
泉州人,2
科员,2
特殊性,2
礼拜,2
种草,2
能取,2
无关紧要,2
比较简单,2
最靠,2
看见,2
月薪,2
整存整取,2
有价证券,2
给定,2
有刚,2
绕开,2
结汇,2
有好有坏,2
有容,2
而算,2
结帐,2
结婚证,2
有张,2
数笔,2
数码产品,2
数码,2
月初,2
知情,2
有损,2
统一标准,2
编以,2
更别,2
考察,2
知名人士,2
维萨,2
维权,2
更有甚者,2
文化教育,2
维修,2
更长,2
电子商务,2
文书,2
考量,2
知名企业,2
最优,2
电子信息,2
电商,2
有所区别,2
有机,2
暂免,2
百分之百,2
未成年,2
未清,2
未达标,2
未过,2
未雨绸缪,2
未领,2
末位,2
由主卡来,2
本卡,2
本年,2
本月底,2
联系地址,2
本案,2
术语,2
练球,2
百科,2
练习场,2
未妥,2
百分之,2
有溢,2
效应,2
申时,2
有的是,2
有舍,2
有误,2
经由,2
有车有房,2
申卡有,2
看病,2
服务项目,2
服装,2
经典,2
教,2
期不等,2
期待,2
救命稻草,2
期等,2
暂缓,2
知,2
等待时间,2
旅游点,2
日均,2
真心,2
疏忽大意,2
日日,2
网银里,2
日积月累,2
白卡,2
留有,2
日要,2
旨在,2
早,2
早已,2
真相,2
早晚,2
早期,2
留学,2
日元,2
日一到,2
时多,2
置之不理,2
无太大,2
群里,2
翔,2
无形中,2
无意,2
无房,2
无条件,2
无人,2
美味佳肴,2
旗下,2
无缝,2
美中不足,2
美,2
旅馆,2
真卡,2
无障碍,2
痛点,2
留存,2
时差,2
暂且,2
新篇章,2
电话费,2
易于,2
电视,2
老客户,2
白菜,2
缺口,2
缺乏,2
缺一不可,2
缴清,2
普卡升,2
普卡有,2
缴,2
电汇,2
新卡后,2
普通人,2
普金卡,2
智能手机,2
着力,2
明知,2
真销,2
男,2
时有发生,2
时期,2
时未,2
白色,2
时查,2
时至,2
时节,2
时若,2
时起,2
畅行,2
时限,2
老人,2
时需,2
眼睛,2
男子,2
新纪录,2
放宽,2
练习,2
纷纷,2
欧美国家,2
携手,2
胡乱,2
欲,2
管制,2
携,2
搭理,2
算算,2
搭建,2
搭乘,2
算总账,2
搬家,2
生利息,2
生产,2
算入,2
甜头,2
盗刷时,2
正直,2
管控,2
欧美,2
甚者,2
管理中心,2
用主卡,2
检测,2
用不上,2
模型,2
操之过急,2
肯德基,2
生活节奏,2
生气,2
背景,2
欠债,2
欠年费,2
管道,2
摆,2
欠款人,2
管理软件,2
携程网,2
生意,2
正要,2
盗刷险,2
机时,2
段,2
提防,2
签章,2
每一项,2
理财专家,2
盯上,2
签主,2
示例,2
每项,2
比喻,2
比大,2
比小白,2
比率,2
理智,2
比较严重,2
比较复杂,2
提成,2
直,2
段子,2
琢磨,2
正身,2
死皮赖脸,2
搁置,2
算作,2
算不算,2
此件,2
此卡,2
援助,2
此基础,2
胸牌,2
瑞兽,2
瑕疵,2
盗窃,2
简洁,2
提额式,2
盘点,2
磁道,2
死,2
盛付,2
检修,2
确切的说,2
档位,2
改动,2
来分,2
纠纷案,2
来历不明,2
来取,2
用盗,2
码是,2
盈利,2
来路不明,2
收货,2
聪明人,2
累加,2
收获,2
极易,2
极速,2
极限,2
极难,2
紧急状况,2
红包,2
聚零为整,2
确切,2
条纹,2
联络,2
纳滞,2
机等,2
纰漏,2
机遇,2
纯年费,2
杀毒,2
杀毒软件,2
攻击能力,2
权力,2
聘书,2
约束,2
改用,2
红线,2
条上,2
石油,2
砖头,2
监测,2
肆意挥霍,2
收当期,2
查验,2
标注,2
树立,2
精心,2
样式,2
核卡首,2
核心,2
核算,2
攒够,2
根本无法,2
股票市场,2
盖个,2
擦掉,2
擦亮眼睛,2
擦亮,2
粘住,2
盖住,2
查询费,2
查询处理,2
看不懂,2
破译,2
监督,2
果岭,2
紧张,2
紧密,2
枪,2
用心,2
枷锁,2
柜员,2
查核,2
糟糕,2
查办,2
查找,2
查收,2
砸,2
股份,2
查明,2
糊涂,2
好时机,2
按取,2
卡刷满,2
卖场,2
占据,2
卡主卡,2
卡主换,2
卡于,2
卡以,2
卡会,2
卡则,2
卡加,2
单机,2
卡即,2
卡友会,2
卡友误,2
这比,2
卡多,2
卡姐,2
这方面,2
这招,2
卡收,2
单等,2
单及,2
卡民,2
医师,2
助学,2
助您,2
劲享,2
包头,2
包罗万象,2
包裹,2
化,2
违背,2
区域,2
十,2
进修,2
十几,2
违反规定,2
远高于,2
十足,2
千辛万苦,2
进钱,2
升至,2
华夏,2
进帐,2
卡时,2
卡盟,2
再有,2
过节费,2
发帖人,2
运营商,2
运动,2
发生意外,2
按原,2
发觉,2
迎合,2
取其,2
取卡,2
取空,2
受益,2
受表彰,2
变为,2
过段时间,2
变现,2
古人,2
过大,2
另一只,2
另当别论,2
近代,2
近几年,2
卡花,2
历史记录,2
卡迷,2
这中,2
危害,2
即主,2
这两点,2
即免,2
即溢,2
即返,2
厂商,2
压印,2
友好,2
还账,2
原卡,2
去掉,2
去除,2
参看,2
参见,2
又称,2
及近,2
及风控,2
助,2
劣势,2
加密技术,2
造假,2
几步,2
凡事,2
凡是,2
凭证式,2
遍及,2
出入证,2
出卡,2
出国游,2
出没,2
出生,2
几千,2
出租,2
出租车,2
击球,2
函,2
逛街,2
分布,2
分散,2
通话,2
分约,2
几块,2
几十倍,2
加倍,2
冲着,2
再行,2
冒签,2
写下,2
写过,2
军队,2
农村,2
冲正,2
邀请函,2
几分,2
冷漠,2
冷藏,2
冷静,2
准则,2
避债,2
遭盗,2
遭拒,2
几倍,2
通航,2
划痕,2
剪刀,2
刷点,2
刷要,2
适量,2
前前后后,2
适用范围,2
前后矛盾,2
前有,2
前款,2
前辈,2
剪成,2
划账,2
送礼,2
办不到,2
退还给,2
办卡会,2
办卡免,2
办卡有,2
退求,2
办卡要,2
办过,2
刷时,2
刷新,2
刷卡机,2
选用,2
创建,2
创造,2
通信,2
通俗,2
初期,2
删,2
判处,2
利好,2
利息支出,2
逐项,2
利率表,2
逐期,2
逐日,2
别有用心,2
刮掉,2
到位,2
制度,2
制裁,2
刷个,2
过分,2
只发,2
只算,2
赚些,2
垃圾,2
垃圾堆,2
型基金,2
埋下,2
赢取,2
赠与,2
填上,2
赚点,2
增大,2
赔偿金,2
坐等,2
处理结果,2
处罚金,2
资金回笼,2
资费,2
复杂,2
资源,2
外企,2
外卖,2
费要,2
坑,2
走成,2
国内首创,2
圈存,2
国庆,2
起诉书,2
国际品牌,2
起点,2
国际航空,2
图中,2
图案,2
圆珠笔,2
在此期间,2
均衡,2
在生活中,2
在短期内,2
在线提交,2
赶在,2
地图,2
赶上,2
地域,2
地称,2
走过,2
外资企业,2
费而要,2
多么,2
天未,2
大连,2
大陆,2
贩卖机,2
大龄青年,2
天为例,2
天付,2
天再,2
货运,2
货车,2
货真价实,2
多些,2
天涯海角,2
太太,2
太小,2
太近,2
太高会,2
失事,2
败家,2
头像,2
头条,2
大礼包,2
大意,2
贴近,2
大幅,2
多付,2
多以,2
费是,2
多办,2
费均,2
费全免,2
多张,2
多方,2
多月,2
多有,2
贷金,2
多花点,2
夜总会,2
大写字母,2
贷款人,2
大势所趋,2
大可不必,2
大呼,2
国家教委,2
超前,2
可不,2
合算,2
较完整,2
各个环节,2
较劲,2
各卡,2
轿车,2
轻轻松松,2
轻则,2
合同期,2
轻,2
吉日,2
司机,2
同份,2
同学,2
同户,2
转让费,2
同等,2
同等条件,2
转回,2
转变,2
后悔莫及,2
较差,2
右下角,2
国内外,2
可申,2
辽宁,2
边花,2
可免于,2
可分,2
可刷,2
边上,2
可处,2
可多,2
可想分,2
可知,2
史,2
可算,2
可网,2
可视,2
辉煌,2
可计,2
可靠性,2
较长时间,2
台籍,2
后方,2
后辈,2
后销,2
越少,2
商务人士,2
商标,2
足以,2
趋势,2
越高年,2
囊中羞涩,2
越长越,2
四大,2
四次,2
越多,2
后顾,2
回单,2
回去,2
回执单,2
回流,2
回赠,2
超红,2
超期,2
超支,2
团伙,2
跨境,2
跨行业,2
哪来,2
哪换,2
君,2
含义,2
含官,2
含水,2
车能,2
车房,2
车型,2
周一,2
周刊,2
车一族,2
躺,2
周日,2
身后,2
命门,2
和尚,2
品类,2
哈哈哈,2
踩,2
哪几种,2
再次出现,2
再度,2
奉,2
中信,2
须满,2
两类,2
严,2
严格要求,2
严苛,2
严重者,2
个体经营,2
页,2
中专,2
中国农业银行,2
顾忌,2
面向,2
中国工商银行,2
中国民生银行,2
中国移动,2
中国邮政,2
中多存,2
靠近,2
中将,2
中招,2
顾客,2
顿失,2
中等,2
与众不同,2
不要紧,2
不见,2
不见得,2
不负,2
不足为奇,2
不远,2
不适,2
不间断,2
不难,2
领事馆,2
颁发,2
预防,2
专业术语,2
预定,2
预售,2
业务流程,2
预付款,2
业务量,2
业协会,2
预付卡,2
非现金,2
非法活动,2
再办,2
隔空,2
乘飞机,2
难题,2
买买,2
买手机,2
难度很大,2
乱套,2
争议,2
难于,2
事实,2
二卡,2
乐趣,2
隔天,2
于原,2
亏损,2
互不,2
五大类,2
五折,2
随身携带,2
五算,2
集分宝,2
之用,2
中途,2
主管,2
中须,2
为宜,2
为数不多,2
为期,2
主人,2
青岛,2
霸道,2
霸王餐,2
主卡来,2
需含,2
零时,2
举例来说,2
需向,2
需以,2
之余,2
之兆,2
之兽,2
之分,2
之力,2
之处,2
不菲,2
不能偿还,2
不知情,2
一身,2
一眼,2
一笔勾销,2
一类,2
一线,2
一组,2
一至,2
一般而言,2
高枕无忧,2
高昂,2
一问,2
一月,2
一页,2
七次,2
高危,2
万存,2
万至,2
三亚,2
三分之一,2
骗取钱财,2
三十岁,2
一番,2
一日,2
频度,2
黑客,2
一一,2
龙卡,2
龙,2
一串,2
鼻祖,2
黑金,2
一切正常,2
一剪,2
一卡双,2
高速公路,2
黑卡,2
一只,2
一味,2
一多,2
麦当劳,2
一层,2
一年期,2
一户,2
一把,2
三无,2
三步,2
三江,2
不向,2
下普卡,2
下金卡,2
下降,2
不严,2
不久,2
餐厅,2
不可否认,2
不合算,2
不含,2
三者,2
风,2
不多,2
不失为,2
不宜,2
不带,2
不慌不忙,2
不敢,2
不期而遇,2
下换,2
下图,2
首个,2
下卡白,2
验密,2
上万元,2
上位,2
驾照,2
驻,2
上半年,2
上学,2
上将,2
上岗证,2
上市,2
上当,2
上文,2
驱动程序,2
上海银行,2
首要条件,2
首笔,2
首期,2
首张,2
首卡,2
些微,2
交互,2
交回,2
停止使用,2
债权人,2
钓到,2
假冒,2
假定,2
偏好,2
偏方,2
偏激,2
偏门,2
做点,2
停车,2
借鸡生蛋,2
金融工具,2
金等,2
金白银,2
元免,2
元内,2
元及,2
金普卡返,2
元要,2
元角分,2
倡导,2
借用,2
侥幸心理,2
信用等级,2
侧录,2
银行信用,2
俗话说,2
保持警惕,2
钱财,2
信件,2
信审员,2
信息办,2
信息网,2
信誉度,2
信赖,2
俩,2
钱用,2
倍数,2
借予,2
借助,2
借口,2
借来,2
元起,2
金投,2
元返,2
邮编,2
公民,2
公证,2
酒,2
配置,2
配得,2
关注度,2
兴业,2
具体方法,2
兼职,2
金属,2
内出,2
邮政网,2
内因,2
内层,2
内置,2
内蒙,2
再也,2
再刷,2
公安部门,2
公安局,2
公司财务,2
采集,2
充分说明,2
金卡批,2
金卡则,2
先到,2
先查,2
先用,2
免不了,2
重奖,2
入门级,2
全世界,2
重制,2
全国联网,2
全场,2
全心,2
里查,2
八千,2
八大,2
里会,2
公交站,2
侦测,2
依靠,2
交年费,2
付,2
仅凭,2
仅指,2
今日,2
附赠,2
仍会,2
从三大,2
附加物,2
附件,2
从来不,2
阴影,2
仅为,2
付息,2
付费,2
代刷,2
代金券,2
防护,2
防患于未然,2
以卡数,2
以快,2
以拉,2
仅供,2
亿张,2
依法追究,2
人事部,2
随之,2
交流,2
交谈,2
亲们,2
亲切,2
亲戚,2
亲民,2
限时,2
人一,2
人去,2
人身安全,2
人寿保险,2
人常,2
人数,2
降,2
人流,2
人流量,2
人缘,2
人要,2
防伪,2
防人之心,2
阉割,2
余元,2
键盘,2
但须,2
位新,2
销掉,2
销售点,2
体力活,2
何不,2
销卡会,2
铺天盖地,2
仪式,2
余款,2
作业,2
作出,2
银证,2
作弊,2
作案,2
供卡友,2
供参考,2
依此类推,2
长假,2
估算,2
伪装成,2
伤痛,2
价钱,2
价高,2
任由,2
间隔,2
优于,2
优先级,2
优化,2
优待,2
优惠券,2
问问,2
优缺点,2
会同,2
会员中心,2
门禁系统,2
门牌号,2
会算,2
长辈,2
长点,2
传真,2
财物,2
相符,2
张免,2
层面,2
菜鸟,2
菜单栏,2
履行,2
所要,2
所设,2
所负,2
屡试不爽,2
屡见不鲜,2
所述,2
展期,2
所附,2
记清,2
手册,2
尽量避免,2
设立,2
尺度,2
手软,2
才行,2
获利,2
打交道,2
就让,2
讲讲,2
许,2
莫属,2
打分,2
莫名其妙,2
设低,2
山东,2
营业员,2
岛通,2
嵌,2
常住,2
我勒个,2
我家,2
帐号,2
市面上,2
著名,2
币,2
已满,2
订阅,2
己方,2
差错,2
差容时,2
巧,2
左侧,2
或仅,2
工牌,2
或用,2
工商总局,2
截然不同,2
户主,2
工单,2
户办,2
工信部,2
房屋产权,2
记下,2
营业日,2
巡回,2
范畴,2
小黄,2
语,2
家长,2
富豪,2
找回,2
密集,2
诚信度,2
苛刻,2
技术支持,2
抉择,2
把关,2
该办,2
花费,2
该张,2
抓获,2
投保,2
该择,2
小票,2
投保人,2
家装,2
该次,2
投资网,2
家族,2
投退,2
抗,2
宣布,2
折价,2
折弯,2
客观,2
折断,2
客气,2
寒心,2
批次,2
批文,2
批复,2
证券类,2
打破,2
打车,2
小数点,2
扣划,2
小惠,2
小娇,2
英文字母,2
小卡,2
小兰,2
小侯,2
识别码,2
英文,2
尊敬,2
扣掉,2
将视,2
将有助,2
诉讼,2
寿命,2
诉诸,2
执业,2
对接,2
对原,2
扫楼,2
若该,2
若干个,2
成员,2
常刷,2
常在,2
覆盖全国,2
张数,2
必选,2
要来,2
衣服,2
张主卡,2
要算,2
忙,2
快餐店,2
引发,2
衍生,2
怕麻烦,2
思维,2
弄,2
懊悔,2
怡情,2
覆盖面,2
覆盖面广,2
开非,2
见到,2
开销,2
见表,2
开拓,2
行用,2
开户名,2
性情温和,2
开心,2
行政处分,2
必有,2
补偿,2
必办,2
必不可少,2
往期,2
形象,2
很久,2
当面,2
很久没,2
很强,2
律师,2
当有,2
徒增,2
得以,2
归属,2
得手,2
强硬,2
表态,2
微型,2
强烈,2
表中,2
心中,2
强力,2
心开,2
强制执行,2
补救措施,2
心想,2
弹屏,2
心痛,2
张纸,2
观望,2
开卡行,2
规划,2
广受,2
并用,2
想当然,2
并取,2
并会,2
并不知道,2
想得到,2
触及,2
蛋卷,2
想法,2
年终奖,2
意大利政府,2
意愿,2
警告,2
感兴趣,2
年前,2
感到,2
虚开,2
计价,2
愿交,2
平分,2
干货,2
干扰,2
干净利索,2
常说,2
懂,2
想像,2
广泛应用,2
怪圈,2
广西,2
怯于,2
开卡多,2
总有,2
规劝,2
行使,2
规律,2
规律性,2
开关,2
建材,2
总量,2
延续性,2
延续,2
座,2
废除,2
恰当,2
废话,2
废弃,2
店面,2
店员,2
血本无归,2
情绪,2
应由,2
惠及,2
融资,2
惨痛教训,2
应先,2
应交,2
抢占市场,2
彩票,2
指为,2
孙小姐,2
定罪,2
定额,2
拒之门外,2
好看,2
定额管理,2
抵兑,2
存续,2
相继,2
好批,2
宝贵财富,2
好感,2
好又多,2
挂机,2
读卡,2
存储空间,2
好卡,2
读懂,2
诱导,2
财,2
如非,2
拒付,2
存到,2
好不好,2
抱,2
实习生,2
诱,2
谈,2
指拒,2
女生,2
挂断,2
持金,2
诸如此类,2
如能,2
持久战,2
说道,2
持之以恒,2
担任,2
如取,2
安控,2
谨供,2
良心,2
说好,2
至今,2
完备,2
如到,2
说坏,2
如所选,2
它会,2
说出,2
宁夏,2
至关重要,2
良好习惯,2
拉杆箱,2
如是,2
学历证明,2
完税,2
谎报,2
宗旨,2
定向,2
学习,2
拿下,2
诱饵,2
始终,2
艺人,2
姿势,2
奢侈品,2
奖惩,2
实例,2
航天,2
拓宽,2
实用性,2
自购,2
报,2
字迹,2
节日期间,2
调包,2
择时,2
奖品,2
婚姻关系,2
舒适,2
指标,2
报名,2
实际操作,2
按卡种,2
婚姻法,2
实打实,2
女士,2
存储容量,2
财富网,2
披露,2
舞厅,2
字母,2
拨,2
委托人,2
奥运会,2
招聘,2
行之,1
租个,1
行为能力,1
阐述,1
租,1
至极,1
行为习惯,1
看一看,1
至尊,1
闻,1
高涨,1
虽系,1
股票代码,1
虽可,1
高频率,1
降至,1
行事,1
蝌蚪文,1
闲钱,1
航,1
闺蜜,1
股民,1
积友,1
问到,1
看图,1
省略,1
鲜有,1
离您,1
高明,1
行政,1
鲜明,1
限制性,1
鱼龙混杂,1
魅力,1
看吧,1
限内,1
离谱,1
闲散,1
离身,1
行式,1
魅,1
租车,1
鬼画符,1
高高在上,1
私利,1
防伪标志,1
至此,1
融合,1
防静电,1
蜘蛛网,1
闭,1
科技,1
高素质,1
高管们,1
致力于,1
背部,1
阵地,1
臻,1
阶段性,1
背负,1
高等,1
胜诉,1
种种,1
融入,1
附加值,1
肾,1
附卡均,1
附卡时,1
舒心,1
肿,1
附卡盗,1
背,1
附送,1
融为,1
蠢蠢欲动,1
高点,1
防磁,1
高越,1
秘诀,1
陌生人,1
自核,1
行业龙头,1
行业类别,1
私自,1
高端用户,1
看卡友,1
高超,1
高级职称,1
陈述,1
防化学,1
背黑锅,1
行业性,1
防卫,1
秉承,1
防夜,1
股票投资,1
血泪,1
高级别,1
秒钟,1
防木马,1
防火墙,1
阳光,1
食,1
闪闪发光,1
默默,1
空空荡荡,1
鼠标,1
银券,1
突出,1
钻空子,1
突击,1
钻,1
表单,1
自知,1
突发,1
突发事件,1
突发状况,1
钱花,1
钱算,1
表现形式,1
银监局,1
补足,1
银行费用,1
银行信贷,1
银行账号,1
银行帐号,1
银行家,1
补制,1
黑户,1
自驾游,1
补印费,1
补扣,1
空子,1
黑白,1
黑盒子,1
空客,1
自驾,1
自食恶果,1
空欢喜,1
钱积,1
聚金豆,1
聚会,1
被告,1
钟表,1
钟爱,1
立享,1
钞口,1
立减,1
被忽视,1
针对性,1
被扣,1
针孔,1
鉴别,1
被誉为,1
立足,1
龙腾卡,1
窥探,1
龙头企业,1
被动,1
聘请,1
钱留,1
表等,1
表达方式,1
自置,1
钱生,1
钱汇,1
表述,1
龙卡益,1
钱存,1
袋,1
联通,1
钱会,1
袋里,1
盾牌,1
稳赚,1
银行资本,1
闪速,1
门,1
称以,1
称作,1
称可代,1
称呼,1
省却,1
长途旅行,1
称庞,1
长达,1
称重,1
行骗,1
长草,1
长相,1
移到,1
股东,1
移动用户,1
自由支配,1
离不开,1
肆意妄为,1
黄河,1
鸡尾酒,1
鸡肋,1
鸡血,1
鸡飞蛋打,1
门道,1
行程,1
积极参与,1
积极响应,1
积欠,1
门票,1
行网,1
麦浪,1
门外,1
麻烦事,1
麻痹大意,1
黄色,1
长沙,1
长此以往,1
长此,1
销去,1
衡定,1
自由职业,1
销卡前,1
销卡则,1
税款,1
衡量,1
销,1
稳健性,1
稳妥,1
黑卡为,1
铺设,1
衣袋,1
补交,1
铺垫,1
税务局,1
税务,1
街,1
键盘输入,1
省区,1
行骗者,1
长度,1
黄金,1
肚肚,1
锻炼身体,1
程度较高,1
错后,1
肉测,1
衍生品,1
稍低,1
黄金周,1
衔接,1
错款,1
门上,1
高性价比,1
看好,1
项有,1
硬性规定,1
真真正正,1
项下,1
艺龙网,1
脑子里,1
硬道理,1
英国,1
顶端,1
顶掉,1
确保安全,1
自助餐,1
脉动,1
页面设置,1
英国人,1
项中,1
脑筋,1
马戏团,1
顺利完成,1
自动记录,1
预付,1
首批,1
真要,1
苦恼,1
节制,1
苦楚,1
顾名思义,1
顾及,1
破获,1
须知,1
破解,1
脱口而出,1
顺手牵羊,1
顺延到,1
香港地区,1
韵味,1
若有,1
真有,1
能用,1
磁卡,1
磁头,1
真是假,1
范本,1
能源,1
靠得住,1
能活,1
驴,1
非银行,1
非越,1
非营利,1
艺轻,1
非理性,1
荐,1
碰上,1
面前,1
自卖,1
艺龙,1
真的假,1
英文名称,1
韩,1
鞍山,1
革新,1
革命性,1
自吞卡,1
确是,1
革命,1
驳回,1
面霜,1
真理,1
能练成,1
确非,1
英语,1
脱离,1
首发,1
航司,1
知悉,1
额为,1
饭碗,1
饭钱,1
饮品,1
花样,1
着实,1
颗星,1
花样百出,1
频频,1
花样繁多,1
频遭,1
频次,1
自创,1
饮酒,1
膨胀起来,1
额后,1
知名度,1
知错就改,1
节省开支,1
飞禽,1
飞灰,1
芒果,1
飞机票,1
飞往,1
飞人,1
自买,1
风雨兼程,1
矛盾,1
花少,1
花才,1
风景,1
节约,1
颠覆,1
颇受,1
颇具,1
码后,1
节后,1
若不慎,1
领先地位,1
脱离苦海,1
若仅,1
短短,1
首刷率,1
若卡友,1
眼不离,1
预见,1
短程,1
眼,1
石三鸟,1
石榴,1
预制,1
预付费,1
首创,1
苛求,1
饮食,1
眼光,1
饿,1
颇为,1
领跑,1
节奏快,1
领用合,1
馆内,1
眼霜,1
馆徽,1
腰带,1
领导人,1
短号,1
领导,1
芳芳,1
短期贷款,1
眼前,1
荣膺,1
非法行为,1
药房,1
票,1
隔离,1
隔月计,1
高中,1
航意险,1
落袋,1
隐蔽性,1
自控,1
票务,1
票子,1
隐蔽,1
高富帅,1
自暴自弃,1
高居,1
隐约可见,1
高且,1
落地,1
隐私权,1
骤降,1
神坛,1
看运气,1
神经,1
神话传说,1
难办,1
落下,1
难以自拔,1
难以置信,1
看过,1
神龙,1
祥兽,1
落到,1
能为,1
难不成,1
难上加难,1
看着,1
票据,1
非法操作,1
看清楚,1
福州,1
蘑菇,1
福气,1
福音,1
除年费,1
除年,1
高息,1
虐心,1
看清,1
虚,1
胡同,1
看款,1
除准,1
高手,1
限获,1
胡莹,1
胶州湾,1
隐瞒,1
藏有,1
蓝牙,1
隐性,1
薪,1
隐匿,1
胸卡,1
高年费,1
高得,1
随身带,1
藏,1
胶带,1
随处可见,1
看用,1
飞行器,1
禁入,1
禁卡,1
难易,1
骗钱,1
礼上,1
需费番,1
礼券,1
需经,1
需知,1
艰难,1
需用,1
需求方,1
需是,1
获评,1
需时,1
获赔,1
良性,1
真好,1
骂,1
需到,1
露馅,1
艺卡,1
骗术,1
霸王,1
艺术,1
能效,1
非常重视,1
非常简单,1
非常容易,1
磨坊,1
莫过于,1
真想手,1
自尊心,1
艺悦,1
静态,1
青海,1
驴友,1
驴唇不对马嘴,1
驴打滚,1
需付,1
需交年费,1
需交,1
礼时,1
零利率,1
骗取信任,1
零件,1
社区,1
社费,1
自扣,1
祝福,1
雪上加霜,1
祝贺,1
雇佣,1
集成,1
营业时间,1
航行,1
营业部,1
船只,1
零取,1
社会秩序,1
社交,1
礼物,1
需于,1
雷区,1
零食,1
真卡有,1
良好信誉,1
良,1
零售商,1
菜,1
零碎,1
骗人,1
零用钱,1
营,1
零存整取,1
获得最佳,1
财政负担,1
立足于,1
跑马,1
网银有,1
转让,1
转给,1
转来转去,1
纸币,1
转嫁给,1
诚实,1
诚意,1
话到嘴边,1
转发,1
诞生,1
诟病,1
该人,1
练手,1
轨道交通,1
该微,1
轧差,1
组套,1
纵向,1
诗,1
纳闷,1
试点工作,1
纪念,1
载明,1
载,1
轻重,1
网银来,1
纪念品,1
轻视,1
试着,1
转贷,1
纯牛奶,1
试运行,1
软磨硬泡,1
试问,1
软硬件,1
转运,1
网银未出,1
车马,1
组委会,1
网通,1
细算,1
细心,1
详解,1
身,1
详询,1
蹭,1
细水长流,1
细看,1
跳,1
路边,1
身份验证,1
路程,1
语句,1
语气,1
语言,1
路人,1
网络覆盖,1
语言不通,1
跟前,1
身为,1
身体状况,1
车要,1
组成部分,1
组建,1
车站,1
车窗,1
车祸,1
车本,1
该期,1
车和房,1
车友,1
车办,1
网罗,1
详尽,1
详提,1
躲避,1
细,1
细分,1
躲藏,1
身段,1
身家,1
试下,1
试一下,1
网银盾,1
紧,1
许诺,1
讽刺,1
设不设,1
运到,1
罪名,1
迎难,1
设太低,1
设法,1
迎刃而解,1
运送,1
过高有,1
设限,1
访亲,1
罢休,1
证券交易,1
过渡,1
过深,1
运转,1
系统故障,1
过早,1
返至,1
记账单,1
糙,1
还得起,1
还应,1
讲信用,1
还卡,1
讲完,1
还会收,1
近期内,1
系统升级,1
置顶,1
置换,1
糯米,1
系,1
近年,1
近半年,1
近九成,1
过款,1
过日子,1
较小且,1
诉讼费用,1
纠正,1
诉至,1
罗列,1
罕见,1
红,1
辆,1
辅助工具,1
较高级,1
较贵,1
罗莱,1
词,1
较真,1
红框,1
较弱,1
较广,1
词汇,1
试,1
较少,1
诉求,1
输前,1
过户,1
迁移,1
证据不足,1
过少,1
证明书,1
紧贴,1
证等,1
过卡种,1
评,1
过五关斩六将,1
达成,1
辟邪,1
评断,1
累进,1
评论,1
边缘化,1
边缘,1
罚单,1
罗马,1
诈骗案,1
距,1
跑不了,1
金黄色,1
足取,1
费在,1
费力,1
费刷,1
费再,1
谋利,1
贸易,1
谋利益,1
贸促会,1
谋取,1
绝望,1
绞尽脑汁,1
贷记主,1
缴水,1
贷网,1
贷款额度,1
谎称,1
统计分析,1
谣言,1
谈谈,1
费改,1
费时,1
资本金,1
资金来源,1
给免,1
资金占用,1
资金不足,1
调上去,1
资讯,1
调休,1
调减,1
资料齐全,1
费比,1
资料完整,1
资,1
绝不能,1
费钱,1
调到,1
绝佳,1
调度,1
调查核实,1
贷后,1
贷个,1
缴日,1
绿框,1
货记卡,1
财产性,1
货物,1
综上,1
货比三家,1
货款,1
账要,1
综合性,1
绿色,1
质询,1
缓冲,1
缓冲区,1
缓慢,1
账号密码,1
财务结构,1
败诉,1
财商,1
编先,1
编过,1
缩小,1
贵族,1
贴张,1
谨此,1
继承权,1
贵得,1
缴付,1
贴近生活,1
贴纸,1
绩效,1
贴着,1
贴切,1
质问,1
贴住,1
购物车,1
购物广场,1
谭是,1
豁免,1
贪求,1
贪多,1
贪,1
资金流,1
缺失,1
赋予,1
超多,1
越刷,1
诱惑力,1
网球,1
超越,1
超给力,1
经办,1
网查,1
超快感,1
超前消费,1
诱发,1
说一说,1
经济实用,1
超出范围,1
说不清楚,1
网套,1
经济犯罪,1
经济社会,1
经济纠纷,1
经不住,1
越发,1
起步价,1
越贵,1
终免,1
终归,1
终极,1
误会,1
误认为,1
终生,1
越高卡,1
误读,1
绊脚石,1
诱人,1
越积越,1
越欠,1
越来越少,1
网络安全,1
越有,1
越早,1
越小,1
说完,1
说服力,1
缺少,1
赛过,1
读写器,1
赢得,1
赢家,1
课程,1
赠送礼品,1
赠礼,1
结尾,1
赠,1
赚足,1
走兽,1
缺钱,1
赚头,1
赚回,1
赚到,1
赘述,1
赘言,1
结论,1
课题,1
走上,1
走势图,1
起存,1
经营性,1
说装,1
说走就走,1
经营项目,1
说辞,1
起兑,1
起以,1
赶时间,1
请吃,1
走开,1
请款,1
经验总结,1
诸,1
结交,1
赵,1
诸多方面,1
走红,1
走捷径,1
还款法,1
美丽,1
还者,1
还觉,1
第三项,1
耳机,1
那酸爽,1
耗资,1
那要,1
耗费,1
那笔,1
第二句,1
那期,1
要经,1
要记,1
要贵,1
那才真,1
第二招,1
第二期,1
要钱,1
那家,1
覆灭,1
第二点,1
第三类,1
耳目一新,1
耽误,1
要细,1
第一重,1
配套,1
配备,1
要申,1
酌情处理,1
部门经理,1
部位,1
部份,1
第三招,1
第三章,1
郁闷,1
邵婷,1
第三次,1
邮递,1
聊起,1
聊聊,1
第三点,1
聊天工具,1
那回事,1
耐用品,1
第二类,1
遇过,1
遥遥无期,1
而应,1
遥远,1
等同,1
遗留,1
遗漏,1
遗憾,1
规章制度,1
等级证书,1
规划师,1
筑成,1
遇上,1
视之为,1
逢年过节,1
造就,1
造型,1
视作,1
造价,1
遭,1
笼络,1
那句,1
见空,1
耍帅,1
那办,1
那主卡,1
第五步,1
见效,1
那下,1
而致,1
第六,1
邀,1
遭窃,1
第六条,1
第十六条,1
而用,1
观展,1
第四个,1
遮盖住,1
第四招,1
遮挡住,1
职场,1
第一轮,1
要点,1
金城,1
西安,1
西方,1
西瓜,1
笔记本电脑,1
联机,1
西藏,1
笔钱,1
金哟,1
笔得,1
要买车,1
金卡年,1
要付,1
金卡免,1
金到,1
金凤,1
金典,1
金会,1
金是,1
笔划,1
金为例,1
金融信息,1
装,1
装去,1
金领,1
金须,1
金隔界,1
金要,1
金融部门,1
装在,1
金葵花,1
联称,1
金穗,1
金科玉律,1
装潢,1
金晴,1
端的,1
装着,1
装给,1
金普卡首,1
符合中国,1
要件,1
财政部,1
第一招,1
要小编,1
要少,1
联华,1
要挟,1
采购,1
采买,1
联到,1
采,1
第一期,1
里存,1
联,1
醉,1
职能,1
酷炫,1
酬劳,1
第一类,1
酒馆,1
第一股,1
里划,1
要存,1
金且,1
重大损失,1
量体裁衣,1
野外,1
要分,1
重要环节,1
重要文件,1
重现,1
重灾区,1
重庆晚报,1
要加,1
重中之重,1
要取,1
重塑,1
重则,1
重任,1
第一份,1
第一位,1
要变,1
第一句,1
答惑,1
速成,1
速度慢,1
这道,1
进军,1
认读,1
进一步提高,1
羹,1
群里发,1
讨喜,1
讨巧,1
讨论,1
让你在,1
这近,1
类及,1
美酒佳肴,1
让给,1
这篇,1
类推,1
讯息,1
这端,1
箱底,1
进账,1
粗心,1
翱享,1
迪斯科,1
连锁店,1
连遭,1
连带责任,1
连刷,1
计算成本,1
计账,1
管理制度,1
进阶,1
计起,1
计较,1
违纪行为,1
管理水平,1
订票,1
远程,1
订购电话,1
远方,1
粉底,1
美貌,1
翻一番,1
这三类,1
这关,1
这会,1
这份,1
这于,1
美好,1
精明,1
这两项,1
美团,1
记帐,1
这卡,1
这一下,1
还额,1
美名,1
美元兑,1
还进,1
还足,1
记录卡,1
美亚,1
这列,1
这句,1
美观,1
记不住,1
粗糙,1
这比用,1
美美,1
粘度,1
粘贴,1
这条,1
美洲,1
这有,1
精力,1
记好,1
美容院,1
这年头,1
这套,1
记主,1
这块,1
精品店,1
这台,1
迫切,1
计算出来,1
速办,1
老帐,1
解卡,1
解开,1
老年,1
签帐,1
递给,1
递减,1
解惑,1
解疑,1
逐笔,1
老师,1
透,1
解禁,1
解读,1
选白,1
解释一下,1
老少,1
选民,1
老生常谈,1
通兑,1
选好,1
通行费,1
速,1
考试,1
逛累,1
逛,1
视频,1
角色,1
考核制,1
通讯地址,1
角落,1
签发,1
角钱,1
通知单,1
老远,1
通电话,1
通杀,1
通有,1
通是,1
解决方案,1
解除,1
选取,1
迭代,1
追索,1
退让,1
翻来覆去,1
退回来,1
退到,1
退入,1
追逐,1
算准,1
计分,1
追溯到,1
警示,1
追款,1
追查,1
追回,1
算计,1
追债,1
迷惑性,1
迷,1
警讯,1
送交,1
选区,1
誓不罢休,1
老婆,1
逃票,1
老套,1
触发,1
触手可及,1
老卡,1
适时,1
算上,1
老公,1
送人,1
适应,1
算下来,1
送货员,1
算不清,1
警局,1
送货到,1
送货上门,1
送货,1
运作,1
抵用券,1
相结合,1
历史数据,1
即首,1
即预,1
即时通讯,1
即日,1
即换,1
即墨市,1
即全,1
即会,1
即仅,1
印鉴,1
印制,1
卫视,1
卡限主卡人,1
卡金卡,1
卡量,1
卡送,1
卡返,1
卡达,1
卡较,1
卡赠,1
卡表,1
却会,1
压缩,1
卡线,1
厚,1
及琴,1
及溢,1
及格,1
及应,1
及常去,1
及大,1
及准,1
及下,1
又免,1
参考价值,1
参考价,1
参数,1
参差不一,1
去处,1
去向,1
去世,1
原定,1
原处,1
原卡主,1
原价,1
厚道,1
卡者,1
卡由,1
午夜,1
卡勾,1
卡分,1
卡函,1
卡保号,1
卡住,1
卡仅,1
卡人,1
卡主应,1
卡主们,1
卡不离,1
占有,1
卖方,1
单程,1
单号,1
单利,1
单凭,1
单元,1
单便,1
单中,1
协调,1
协定,1
半天,1
卡到,1
卡友亲,1
卡牛,1
卡友常,1
卡爽,1
卡来,1
卡机,1
卡旧,1
卡日,1
卡族,1
卡息,1
卡店,1
卡应,1
卡已,1
卡好,1
卡奴们,1
卡套,1
卡多为,1
卡外,1
卡和纯,1
卡和主卡,1
卡可享,1
卡取,1
卡发,1
卡友须,1
及用,1
及该,1
友办,1
可有可无,1
可提,1
可怜,1
可加,1
可先,1
可偿还,1
可信赖,1
可保,1
可供,1
可代,1
可乘之机,1
可下,1
叫惯,1
叫容,1
叫作,1
只设,1
只能靠,1
只差,1
只好,1
只刷,1
只不过,1
另送,1
可更改,1
可查,1
友爱,1
可比性,1
吃不消,1
司法程序,1
号线,1
号算,1
号称,1
号会,1
右侧,1
右上角,1
右,1
台球,1
台商,1
可验证,1
可靠,1
可调,1
可说是,1
可言,1
可要,1
可考,1
可破,1
可省,1
可由主,1
另行规定,1
另算,1
另据,1
另一名,1
发钞,1
发货,1
发给你,1
发红包,1
发生变化,1
发现异常,1
发明,1
发文,1
发改委,1
发改,1
发售,1
发个,1
反面,1
反感,1
反其道,1
双簧,1
双子座,1
双休,1
双乾,1
发钱,1
取信,1
取得联系,1
叙述,1
古铜色,1
古话,1
古老,1
古代,1
口述,1
口转,1
口红,1
口供,1
口令,1
变造,1
取息,1
变态,1
变幻莫测,1
受骗,1
受虐,1
受此,1
受到牵连,1
受众,1
取溢,1
取整,1
午休,1
冷热,1
列举,1
划至,1
划扣,1
刑罚,1
切换,1
分量,1
分部,1
分给,1
分级,1
分类,1
分清,1
分段,1
分次,1
分文不收,1
分数线,1
分散开来,1
分房,1
分妥,1
分及,1
分单,1
分割,1
划走,1
刚性,1
刀片,1
创业者,1
到家,1
到场,1
别错过,1
别离,1
别留,1
别用,1
别想,1
别家,1
别太低,1
别具特色,1
利费,1
利用软件,1
利息费用,1
利息收入,1
利处,1
利器,1
判决,1
初识,1
初衷,1
初恋,1
初中,1
分主卡,1
函后,1
升高,1
凯撒,1
凡未,1
几重,1
几日,1
几千块,1
几千元,1
几十块,1
几十万元,1
几十万,1
几元,1
几位,1
几下,1
几万元,1
凑足,1
凑够,1
凑,1
减小,1
减单,1
减分,1
准确性,1
冻烂,1
凭该,1
凸印,1
函会,1
凸字,1
击,1
出门在外,1
出过,1
出该,1
出票,1
出现异常,1
出新,1
出年费,1
出席,1
出好,1
出国访问,1
出口处,1
出口,1
出发点,1
出其,1
出入口,1
出借,1
出众,1
出事,1
出世,1
出一到,1
到访,1
制约,1
刷六笔,1
包中,1
勾,1
勤快,1
勇士,1
势必会,1
劵,1
劳顿,1
劳动合同,1
助长,1
助理,1
动账,1
动机,1
动摇,1
动力,1
加载,1
加装,1
加码,1
加盟,1
加湿器,1
加持,1
加急,1
功能性,1
勾个,1
包批,1
刷六笔免,1
化地,1
升舱,1
升级版,1
升到,1
升值,1
升上去,1
千里,1
千百,1
千块,1
十招,1
十小招,1
十四条,1
十几张,1
十几万,1
十八岁,1
十佳,1
十五分钟,1
十五个,1
医疗保健,1
医用,1
北上,1
化境,1
功效,1
功夫,1
办该,1
办网,1
剪卡,1
前问,1
前缀,1
前奏,1
前夕,1
前后一致,1
前去,1
前为,1
剁,1
刻意,1
刻录,1
刷预,1
刷金卡,1
刷起来,1
刷案,1
刷机,1
刷暴,1
刷取,1
刷及,1
刷到,1
剪卡时,1
剪开,1
剪掉,1
办卡和额,1
办新,1
办成,1
办卡赠,1
办卡行,1
办卡礼,1
办卡用,1
办卡点,1
办卡未,1
办卡想,1
办卡后,1
剪毁,1
办卡前,1
办公用品,1
办公桌,1
办事处,1
劝说,1
劝,1
力量,1
力求,1
副作用,1
吃亏,1
吃紧,1
各个方面,1
多岁,1
多媒体,1
多如牛毛,1
多名,1
多只,1
多取,1
多卡,1
多功能,1
多到,1
多则,1
多会,1
多为,1
多一分,1
外貌,1
外观设计,1
外观,1
外界,1
外汇宝,1
外币现金,1
外币存款,1
外国,1
外围设备,1
多少岁,1
多带,1
外包,1
多座,1
大幅度,1
大好,1
大大减少,1
大城,1
大名鼎鼎,1
大可算,1
大厅,1
大半,1
大包,1
大势已去,1
大力,1
大全,1
大份,1
多用户,1
多渠道,1
多样性,1
多期,1
多日,1
多收,1
多指,1
多得多,1
外呼,1
外人,1
各交,1
增添,1
境遇,1
填表人,1
填报,1
塑料,1
基调,1
基本相同,1
基本一致,1
基期,1
基友,1
基准利率,1
基,1
培训,1
城乡居民,1
埋单,1
垫,1
型号,1
垃圾箱,1
垂询,1
坚实基础,1
坚决,1
坐点餐,1
增倍,1
增色,1
外享,1
增高,1
复议,1
复活,1
复杂程度,1
复审,1
复制出,1
复函,1
备齐,1
备案号,1
备忘录,1
备张,1
备受,1
备上,1
处能,1
处理费,1
处理率,1
处新,1
处心积虑,1
处室,1
处刷,1
声调,1
声东击西,1
大幅提高,1
大年三十,1
大开绿灯,1
好坏,1
好加,1
好几张,1
好使,1
好享,1
好久没,1
好不容易,1
女童,1
奢卡,1
奠定,1
套过,1
套用,1
契机,1
奏效,1
奉劝,1
奉上,1
奈何,1
夺得,1
夹层,1
夸张,1
头疼,1
失误,1
好吃,1
好处多多,1
大忌,1
好多年,1
妥,1
妈妈,1
妄加,1
如集,1
如融,1
如此一来,1
如某,1
如想,1
如当期,1
如年费,1
如小徐,1
如套,1
如同,1
如主,1
好运,1
好要,1
好心人,1
好德,1
好帮手,1
失联,1
失卡后,1
失之交臂,1
失业,1
大餐,1
大雾,1
大错特错,1
大道理,1
大道,1
大跌,1
大街小巷,1
大街,1
大致相同,1
大程度,1
大种,1
大礼,1
大碍,1
大相径庭,1
大爱,1
大涨,1
大波,1
大气,1
大款,1
大有文章,1
大有人在,1
天且,1
天价,1
天制,1
天赋,1
夯实,1
央视,1
太高有,1
太过分,1
太少,1
太天真,1
太大条,1
太多会,1
天道酬勤,1
天线,1
天去,1
天等,1
天真,1
天用,1
天津,1
天气,1
天桥,1
天无绝人之路,1
天性,1
天堂,1
坐席,1
坐享,1
坏毛病,1
周末,1
周四,1
周后,1
周刷时,1
周刷,1
周休,1
周二,1
周三,1
员来,1
员未,1
员工工资,1
告终,1
告上,1
呆滞,1
呆,1
吹嘘,1
吸金,1
吴复,1
启航,1
听话,1
含金量,1
周期短,1
周转期,1
哪些项目,1
周边,1
哥用,1
哥和翔,1
哥们,1
哒,1
响应,1
品行端正,1
品牌价值,1
咨询电话,1
咖啡,1
和讯网,1
咋算,1
咋样,1
咋办,1
咄咄逼人,1
呼声,1
呼和浩特,1
味道,1
周边环境,1
含港,1
含好,1
含准,1
含主卡,1
同个,1
同业,1
吉祥,1
合谋,1
合理性,1
合法收入,1
合法性,1
合同制,1
合作方,1
吆喝,1
各行各业,1
各色各样,1
各级,1
各种类型,1
各种各样,1
各满,1
各有不同,1
各型,1
各国,1
各台,1
各位朋友,1
同微信,1
同款,1
同程,1
后患,1
否是,1
吞后,1
吓唬,1
吓人,1
向小编,1
后能,1
后次,1
后患无穷,1
后待,1
同程网,1
后年费,1
后均,1
后保,1
后以,1
后付费,1
后个,1
后且,1
名牌,1
名即,1
哪些因素,1
哪张,1
均是由,1
国民,1
国旗,1
国库券,1
国库,1
国家有关,1
国务院,1
国内航线,1
国人,1
固额,1
围绕,1
困惑,1
因该,1
因没到,1
因欠,1
因有,1
因年费,1
因小失大,1
因其,1
回血,1
回拒,1
回报率,1
回执,1
国有企业,1
国际化,1
哪款,1
国际标准,1
场地,1
地说,1
地记,1
地球,1
地址栏,1
地及,1
地办,1
地刷,1
地写,1
地代,1
在翔哥,1
在编,1
在校生,1
在意,1
土耳其,1
圈里,1
圈地,1
圈,1
图高,1
图表说明,1
图表,1
回扣,1
回忆,1
回应,1
回事儿,1
喜好,1
喜士,1
喊,1
善用,1
善意,1
商量,1
商超,1
商贸,1
商贷,1
商贩,1
商用,1
商机,1
商定,1
商业贷款,1
商业机构,1
商业保险,1
唯美,1
唯品,1
唯一标准,1
售卖,1
哭,1
喜滋滋,1
喽,1
嘉年华,1
四年,1
回事,1
四重,1
四角,1
四类,1
四笔,1
四步,1
四条,1
四招,1
四张,1
四家,1
器,1
四大行,1
四周,1
四千多,1
四分之三,1
四件套,1
四五,1
囊括,1
嚷嚷,1
器材,1
冷落,1
冷汗,1
委,1
中国光大银行,1
中午,1
中列明,1
中偶,1
中会,1
中以,1
中产,1
中二选,1
中主卡,1
中下旬,1
个泛,1
个字符,1
个乐购,1
严重损失,1
严重性,1
严纪,1
严格说来,1
严格来说,1
严密,1
两道,1
两遍,1
两至,1
中因,1
中国国际航空公司,1
两方,1
中国建设银行,1
丰富多彩,1
丰,1
中青年,1
中规中矩,1
中要,1
中若,1
中航,1
中级,1
中此,1
中旬,1
中断,1
中抱,1
中扣,1
中所列,1
中小板,1
中小城市,1
中如,1
中央处理器,1
中国联通,1
中国电信,1
中国民航,1
两条,1
两招,1
不花,1
世俗,1
且经,1
专网,1
专用车,1
专款专用,1
专机,1
专心,1
专家建议,1
专卖,1
专业名词,1
与此相关,1
与日俱增,1
不高不低,1
不顾,1
不随,1
不销,1
不速之客,1
不通,1
不赖,1
不诚实,1
不言而喻,1
且限前,1
世间,1
两把,1
业内,1
两户,1
两套,1
两卡,1
两千年,1
两全其美,1
两件事,1
两三年,1
两三千元,1
两三千,1
两三分钟,1
两万家,1
两万元,1
丢掉,1
丢后,1
东,1
业界,1
业态,1
业务费,1
业务经理,1
业务管理,1
业务人员,1
丰满,1
临时性,1
临走时,1
买过,1
买票,1
买来,1
买方,1
买房子,1
买到,1
买下,1
买一送一,1
习惯性,1
九省,1
九个,1
乖乖,1
乐范,1
乐天,1
乐享,1
乐,1
乍一看,1
之高,1
之选,1
之机,1
之星卡,1
买空,1
乱用,1
临近,1
乾坤,1
互联网安全,1
互相交换,1
云闪付,1
亏本,1
亏了,1
亏,1
于主卡,1
二者之间,1
二种,1
二百六十,1
二百二十五,1
二日,1
二年,1
二十多种,1
二十,1
二三,1
事小,1
事后,1
事务所律师,1
了若指掌,1
了结,1
之手,1
之感,1
之快,1
之忧,1
主导地位,1
主妇,1
主卡项,1
主卡新,1
主卡年,1
主卡哟,1
主卡免,1
主卡人须,1
主卡中,1
主卡上,1
主动性,1
主力军,1
主副卡,1
为预,1
为贷,1
为本,1
为挥卡,1
为安,1
为同,1
为卜蜂,1
为佳,1
主意,1
主打,1
主持人,1
之三,1
之弊,1
之家,1
之同,1
之初,1
之仗,1
之二,1
之久,1
之下,1
之上,1
久会,1
主推,1
乃是,1
举行,1
举止,1
举措,1
举,1
主附卡均,1
主角,1
主管部门,1
不落,1
不良习惯,1
决心,1
一超,1
一说,1
一览,1
一箱,1
一签,1
一端,1
一站式,1
一看,1
一生,1
一点半点,1
一点儿,1
一波,1
一段,1
一概,1
一棵树,1
一查,1
一杯,1
一本正经,1
一族,1
一新,1
一整套,1
一放,1
一账,1
一趟,1
一批,1
一蹴而就,1
万是,1
万时,1
万多元,1
万多个,1
万多,1
万余家,1
万人空巷,1
万人,1
万事大吉,1
万之高,1
万万不可,1
七零八,1
七成,1
七八千元,1
七位数,1
一颗,1
一降,1
一阵,1
一门,1
一键,1
一辈子,1
一摞,1
一成不变,1
不自量力,1
一同,1
一卡多能,1
一卡多,1
一卡友,1
一千元,1
一刻起,1
一刷,1
一切权利,1
一切办法,1
一分货,1
一代,1
一二,1
一举多得,1
一举两得,1
一个半月,1
一两款,1
一两张,1
一两千,1
一下子,1
一万八,1
SIM卡,1
N年,1
一双,1
一员,1
一张白纸,1
一回,1
一应俱全,1
一幅,1
一带,1
一帆风顺,1
一己,1
一屁股债,1
一小部分,1
一小,1
一封,1
一对一,1
一害,1
一定量,1
一头,1
一大部分,1
一大笔钱,1
一大笔,1
一大半,1
一夜之间,1
一堆,1
一块,1
一场,1
万点,1
万用,1
万表,1
不可思议,1
不动产,1
不办,1
不分,1
不出,1
不准,1
不假思索,1
不佳时,1
不以为然,1
不亚于,1
不久前,1
下销,1
下述,1
下白,1
下旬,1
下属,1
下套,1
下均,1
下因,1
下向,1
不去,1
不合,1
万起,1
不同之处,1
不细,1
不管不顾,1
不白之冤,1
不留心,1
不留,1
不清,1
不法行为,1
不断完善,1
不换会,1
不得而知,1
不妨一试,1
不失时机,1
不太高,1
不多时,1
不复存在,1
不在意,1
不在少数,1
不在乎,1
下同,1
下发文件,1
下发,1
下卡才,1
上南店,1
上升,1
上刷,1
上信,1
上会列,1
上个,1
上万,1
三近,1
三核,1
三条,1
三日,1
三币,1
三块,1
三口,1
三十三,1
三到,1
三分钟,1
三亚机场,1
三五百,1
三五万,1
丈夫,1
上多存,1
上天,1
上市公司,1
上用,1
下会,1
上阵,1
上门去,1
上钩,1
上述情况,1
上边,1
上诉,1
上百,1
上瘾,1
上班时间,1
上报,1
上班族,1
上涨,1
上海站,1
上海浦东发展银行,1
上海浦东,1
上海市,1
上浮,1
上旬,1
五家,1
五张,1
五星级,1
充满,1
充分考虑,1
充分发挥,1
充分准备,1
充入,1
充,1
元车,1
元许,1
元时,1
元扣,1
元外,1
元后,1
元刷,1
元会,1
元以,1
元享,1
儿女,1
儿,1
像样,1
像是,1
傻傻,1
傲娇,1
充分证明,1
充裕,1
催回,1
充足率,1
免年,1
免单,1
免交,1
免下,1
免上,1
克制,1
光环,1
光滑,1
先降,1
先给,1
先河,1
先来,1
先有,1
先是,1
先换,1
先得,1
先天,1
先后顺序,1
先刷,1
先借,1
先交,1
催讨,1
催出,1
五月,1
借款者,1
倒霉,1
倒计时,1
倒卖,1
倒也不,1
修订版,1
修正,1
修养,1
信贷风险,1
信用社,1
信得过,1
信封,1
信中称,1
保龄球馆,1
保驾护航,1
保险条款,1
保险合同,1
保险业务,1
保护卡,1
保底,1
保安,1
保守,1
借大,1
债,1
催促,1
债权债务,1
储存量,1
储值卡,1
傍,1
偿债,1
偷换概念,1
偷偷,1
偶然,1
健全,1
停留,1
停收,1
做销,1
做梦,1
假货,1
假装,1
假币,1
假会,1
倾向,1
值班,1
值得一提,1
值回,1
值不值得,1
免责,1
免遭,1
兑换券,1
内幕,1
内外部,1
内在,1
内向,1
内可先,1
内即,1
内先,1
兼有,1
兼具,1
养护,1
养卡有,1
养债,1
典型,1
具体安排,1
具体办法,1
具体分析,1
具体做法,1
其所持,1
其所,1
其年,1
其余部分,1
内多,1
内持,1
兑点,1
内未,1
决不能,1
冰箱,1
冰冻,1
冯先生,1
农商,1
军师,1
军工,1
写字楼,1
写写,1
冒名顶替,1
再造,1
再试,1
再汇,1
再次发生,1
再换,1
再忍,1
再存,1
再三,1
内该,1
内蒙古,1
内至,1
其主卡,1
兴趣,1
兴起,1
全称,1
全用,1
全数,1
全怪,1
全市,1
全套,1
全天候,1
全国性,1
全国人大常委会,1
全为,1
入选,1
入款,1
入市,1
入坑,1
入不敷出,1
入下,1
兜兜,1
兜,1
党能,1
兑现,1
全职,1
八种,1
公交线路,1
六家,1
关键环节,1
关键因素,1
关系密切,1
关乎,1
共有,1
共为,1
六站,1
六种,1
六条,1
公认,1
公允,1
公私,1
公检法,1
公式,1
公安部,1
公安,1
公司地址,1
公关,1
公共场合,1
公共信息,1
保养,1
保全,1
保修,1
仔细检查,1
从轻处理,1
从行,1
从明年起,1
从头开始,1
从周,1
从取,1
从今年起,1
从业,1
仍要,1
仍算,1
仍由主,1
仍为,1
今年年底,1
今年以来,1
今夏,1
人须,1
人顺,1
人销,1
人选,1
仓储,1
他取,1
以非,1
他家,1
以网,1
以本,1
以张,1
以建,1
以办,1
以分,1
以债,1
以人为本,1
以交,1
代购,1
代缴,1
代理员,1
代收,1
代扣代缴,1
代养,1
仟,1
付金,1
付通,1
付年费,1
付完,1
付不起,1
人过,1
人类,1
人满为患,1
人气,1
享店,1
享卡,1
产品设计,1
产加,1
交际,1
交银,1
交款,1
交易量,1
交存,1
交叉,1
交件,1
交付,1
交了,1
交上去,1
亘古,1
五项,1
五选,1
五花八门,1
五百强,1
五点,1
五次,1
享返现,1
亲,1
亲子,1
人喊,1
人民,1
人机对话,1
人时,1
人控,1
人才,1
人想,1
人性化,1
人多,1
人均,1
人品,1
亲戚家,1
人则,1
人事部门,1
亲访,1
亲笔,1
亲测,1
亲核,1
亲朋好友,1
亲是,1
亲戚朋友,1
以表,1
仪器,1
促进,1
体育明星,1
体育场馆,1
体育,1
体制,1
住宿服务,1
低频,1
低调,1
低端,1
低成本,1
低廉,1
低回,1
低到,1
低估,1
低价商品,1
低买高卖,1
位纯,1
位到,1
但算,1
但换,1
但其与,1
但免,1
何乐不为,1
何人,1
价格表,1
何国,1
便是,1
便成,1
便利性,1
侵害,1
侨办,1
侧重点,1
依赖,1
供养,1
例来,1
使用方便,1
使原,1
佰,1
佣,1
作是,1
作加,1
作出反应,1
余有,1
余家,1
余地,1
余万,1
何地,1
似乎,1
伺机,1
伸出,1
伴随,1
会多,1
会因,1
会员价,1
会加分,1
会到,1
会于,1
优良,1
优秀,1
优惠条件,1
优惠待遇,1
优惠卡,1
优孰劣,1
优劣,1
众卡友,1
众卡,1
众,1
休息室,1
企业家,1
企业债券,1
份证,1
任选,1
会多收,1
会少些,1
会弹,1
会达,1
估价,1
伪卡盗,1
伤身,1
伤残,1
传销,1
传遍,1
传播,1
传导,1
会长,1
会越,1
会快,1
会负,1
会调,1
会计学,1
会视,1
会自,1
会算到,1
会照,1
会查,1
会扣,1
始于,1
委婉,1
相由心,1
李小姐,1
权限,1
权衡利弊,1
权衡,1
权威部门,1
杀手,1
杀,1
机都,1
机输,1
机身,1
机让,1
机能,1
机没,1
机械,1
机是,1
机控,1
机已,1
机对,1
机吧,1
机向,1
机号码,1
机取,1
李宁,1
李想,1
机动车行驶,1
杜绝后患,1
枕,1
构建,1
极有,1
板块,1
来谈,1
来评,1
来袭,1
来者不拒,1
来源不明,1
来查,1
来时,1
来得快,1
来回,1
来历,1
来办,1
来刷,1
来养,1
来临,1
条有,1
杠杆,1
机去,1
机动车,1
有线电视,1
未于,1
木木肉测,1
木木想,1
期后,1
期到,1
望而却步,1
服务质量,1
服务网络,1
服务性,1
服务器,1
服务员,1
服务中心,1
朋友圈,1
有高有低,1
有长,1
有钱赚,1
有道,1
有近,1
有达,1
有赖于,1
有账,1
有要,1
木马病毒,1
未交,1
机刷,1
未付,1
机分,1
机出,1
机会成本,1
机不,1
朱先生,1
本站,1
本本,1
本是,1
本文,1
本意,1
本地人,1
末尾,1
未销,1
未退,1
未达,1
未知,1
未有,1
未填写,1
未及,1
未刷够,1
未到,1
林林总总,1
果树,1
枢纽,1
步入,1
此码,1
此款,1
此招,1
此张,1
此地,1
此刻,1
此事,1
此举,1
正题,1
正分,1
正价,1
正下方,1
止损,1
止付,1
歌舞厅,1
歌,1
款息,1
欺骗,1
欲了解,1
欧陆,1
此要,1
步步,1
架,1
步调,1
比用,1
比普卡年,1
比所,1
比应,1
比分,1
比例表,1
比不上,1
每行,1
每满,1
每户,1
每到,1
每分,1
每人每年,1
毋庸置疑,1
毁补费,1
毁,1
死板,1
死心眼,1
死心塌地,1
武汉,1
欣喜,1
次龙腾,1
次龙,1
次沃德,1
核卡率,1
核,1
样子,1
栗子,1
栏后,1
标题,1
标准版,1
标兵,1
标上,1
查询卡,1
查前,1
查出,1
查不到,1
某项,1
某行,1
某种程度,1
某种意义,1
某种,1
某张,1
某一,1
架空,1
核销,1
格局,1
横向,1
次晚,1
次后,1
次及,1
次代驾,1
欠税,1
欠息,1
欠交,1
橄榄枝,1
横幅,1
模仿,1
格瓦拉,1
棘手,1
棒棒,1
检查一下,1
检察机关,1
梅州市,1
档案资料,1
档期,1
桌子,1
案情,1
有装,1
有白,1
新一期,1
早餐,1
早就,1
早上,1
旧欠,1
日记,1
日离,1
日用,1
日比,1
日有,1
日晚,1
日常性,1
日始,1
日多,1
日向,1
日会出,1
日会,1
日以,1
日仅,1
日上,1
既能,1
既收,1
既办,1
早日,1
时则,1
无车,1
时别,1
易宝,1
明说,1
明珠,1
明晰,1
明令禁止,1
旺财,1
旺季,1
时隔,1
时间差,1
时长,1
时输,1
时调,1
时请,1
时而,1
时老想,1
时留,1
时止,1
时时,1
时容差,1
时向,1
时取,1
无辜,1
无证,1
有用吗,1
无处,1
无偿,1
旅行团,1
旅游景点,1
旅,1
旁边,1
施行,1
方块,1
方向,1
方便使用,1
新页面,1
新闻网,1
新蛋,1
新疆,1
新晚报,1
新房,1
新快报,1
新开,1
新发,1
新卡时,1
新出,1
新人,1
无可厚非,1
无奈,1
无计可施,1
无孔不入,1
无视,1
无节制,1
无能为力,1
无缘,1
无线,1
无纸化,1
无端,1
无穷乐趣,1
无知,1
无溢,1
无法挽回,1
无果,1
无时无刻,1
无所谓,1
无意间,1
无情地,1
无息贷款,1
无异于,1
无度,1
无工,1
无尽,1
易懂,1
易购,1
星号,1
有别于,1
有利可图,1
有偿,1
有何,1
有个度,1
月租费,1
月光,1
最难,1
最起码,1
最红车,1
最有,1
最是,1
最旺,1
最新消息,1
最想,1
最底,1
最常,1
最大值,1
最多能,1
最多四人,1
最初,1
最具,1
有别,1
有力,1
星期,1
有单,1
有水,1
有机可乘,1
有木有,1
有效证件,1
有意识,1
有意无意,1
有心,1
有幸,1
有常,1
有差,1
有如,1
有太大,1
有多类,1
有备而来,1
有声有色,1
有增无减,1
有名,1
有句,1
有卡无钱,1
有卡友,1
有卡,1
最佳时机,1
更难,1
更酷,1
更要,1
普遍存在,1
普通用户,1
普通员工,1
普卡非,1
普卡要,1
普卡能,1
普卡好,1
普卡免,1
普卡为,1
晚点,1
晒,1
显而易见,1
显现,1
显,1
昵称,1
是翔哥,1
春运,1
春节前夕,1
春秋,1
星空,1
星期一,1
普遍现象,1
智商,1
暂停状态,1
更久些,1
更显,1
更易,1
更快,1
更强,1
更广,1
更多店,1
更多,1
更何况,1
更优,1
更久,1
暂无,1
更为严重,1
曲线救国,1
曰,1
暴露,1
暴利,1
暗喻,1
暂需,1
暂行办法,1
暂用,1
比较慢,1
比较清楚,1
比较稳定,1
用卡上,1
用作,1
用以,1
用不起,1
生钱,1
生活用品,1
生日礼物,1
生效日,1
生态环境,1
生存,1
生命,1
生前,1
甄别,1
瑞星,1
琴岛,1
理论值,1
理睬,1
理疗,1
理会,1
球赛,1
珠海,1
珍藏,1
用光,1
用卡会,1
现汇,1
用卡全,1
用足,1
用财,1
用要,1
用纸,1
用磬,1
用白,1
用此,1
用本应,1
用本,1
用时,1
用手,1
用户量,1
用愁,1
用张,1
用品,1
用卡较,1
用卡用,1
用卡满,1
用卡有,1
用卡前,1
用卡到,1
珍惜,1
现时,1
比金卡,1
犯错,1
犯傻,1
犯了难,1
特种,1
特指,1
特批,1
特快专递,1
特大,1
特备,1
特地,1
特制,1
特别强调,1
特例,1
特价机票,1
物流,1
物,1
牢记于心,1
牡丹,1
牟利,1
牌照,1
牌上,1
犯法,1
犹豫,1
现想,1
狂刷,1
现实生活,1
现如今,1
现代人,1
现代,1
现为,1
玩得,1
玩卡,1
玛特,1
玛,1
王道,1
王晨,1
王宇,1
率低,1
献给,1
猜测,1
猖獗,1
猎人,1
狮子,1
独一无二,1
狂攒,1
用车,1
甭管,1
皮包,1
百思不得其解,1
百强,1
百夫长,1
百十元,1
百利,1
百分比,1
百分之三十,1
百余种,1
百个,1
百万美元,1
白领,1
白狼,1
白富,1
白卡上,1
登机口,1
登入,1
瘪,1
瘦身,1
瘦,1
痛苦,1
痛,1
百货公司,1
盆友们,1
由王,1
盈余,1
相济,1
相机,1
相差近,1
相差,1
相同点,1
直观,1
直接参与,1
直属,1
直奔,1
直击,1
盯梢,1
盯,1
目的地,1
目测,1
盛传,1
盘活,1
盗办,1
监管部门,1
监管局,1
监督局,1
益,1
痒痒,1
病毒,1
疯,1
疑义,1
电线杆,1
电等,1
电玩,1
电影院,1
电子系统,1
电子市场,1
电子化,1
申金卡,1
申过,1
申购,1
申请单,1
申报,1
申咯,1
申卡行,1
申卡者,1
申卡点,1
申卡到,1
申办人,1
申,1
由谁来,1
由该,1
电脑系统,1
电脑设备,1
电话线,1
留在,1
疏漏,1
略高于,1
略知一二,1
略有不同,1
略低,1
留言,1
留神,1
留意到,1
留个心眼,1
电费,1
留一手,1
界限,1
界,1
畅想,1
畅享,1
男童,1
男生,1
男方,1
男士,1
版面,1
版琴岛,1
版本,1
活泼,1
津津乐道,1
洗衣机,1
洗礼,1
洗白,1
洗牌,1
泯然,1
注有,1
波音,1
波,1
法释,1
法规,1
法律法规,1
法律效力,1
法律制裁,1
泄密,1
沾染,1
沾,1
治标不治本,1
治标,1
油返,1
油站,1
洪荒,1
活跃分子,1
消极,1
派上用场,1
海陆空,1
海派,1
海底隧道,1
海员,1
海口,1
海,1
浪费时间,1
浦,1
浙江,1
浓缩,1
浑然不知,1
测悉,1
测录器,1
浅,1
流行,1
流水账,1
流动资金,1
流动,1
流利,1
派遣,1
派出所,1
沦陷,1
没隔,1
没过,1
没能,1
汇过款,1
汇率问题,1
汇款人,1
汇丰,1
汇,1
求学,1
永达,1
水手,1
水准,1
民间传说,1
民间,1
民营,1
民用航空,1
民法通则,1
民众服务,1
民事判决,1
毫不犹豫,1
毛人,1
毛主席,1
毛,1
汉子,1
汉族,1
江浙沪,1
没人接,1
没法,1
没断,1
没把握,1
没张,1
没商量,1
没刷过,1
没到,1
没出,1
没人能,1
没事儿,1
江湖,1
沉重,1
沉睡,1
沉着,1
沃尔,1
汽车旅馆,1
汽油,1
池里,1
江西省,1
江湖人称,1
涂改液,1
消灭,1
版且,1
点开,1
灵,1
火车票,1
火眼,1
火爆,1
激增,1
激动,1
激,1
澳洲,1
澳大利亚,1
澎湃,1
潦草,1
潜规则,1
潜藏着,1
潜在用户,1
潜力,1
漠视,1
演出,1
演,1
漏项,1
漏算,1
漏填,1
炉火纯青,1
点心,1
消耗,1
点赞,1
片,1
爽约,1
爽,1
爸爸妈妈,1
爱车,1
爱护,1
爆款,1
爆归刷,1
燃气,1
熟,1
照算,1
照收,1
煤矿工人,1
煞,1
煎熬,1
焦点,1
热闹,1
热议,1
热衷于,1
热潮,1
热情,1
漂泊,1
漂亮,1
滴滴,1
滴,1
温故而知新,1
温床,1
温州,1
渣卡,1
渐渐,1
清账,1
清清楚楚,1
清查,1
清新,1
添麻烦,1
深航,1
深渊,1
深圳证券交易所,1
深切体会,1
深入浅出,1
深入人心,1
深入,1
深信不疑,1
涵盖面,1
消费型,1
消费力,1
港澳同胞,1
游乐园,1
游戏,1
滇,1
滥用,1
满百,1
满满,1
满意度,1
滞后,1
滚雪球,1
滚,1
滑动,1
滋养,1
溢缴,1
游戏机,1
源自,1
源头,1
源,1
湮灭,1
湘潭市,1
湖北,1
游玩,1
游泳,1
游戏规则,1
新一轮,1
新一代,1
委的,1
应可,1
应会,1
应以,1
应付款,1
应万变,1
庆幸,1
广阔,1
广为,1
广三地,1
并经,1
并称,1
并存,1
并不需要,1
并不多,1
年龄阶段,1
年间,1
年费设,1
年货,1
年版,1
年报,1
年均,1
年加,1
应去,1
应换,1
平衡,1
应收,1
开卡到,1
开动,1
开办,1
开创,1
开出,1
开个,1
建设,1
建材市场,1
建,1
庭审,1
座位,1
度假村,1
庙,1
店家,1
底色,1
底线,1
底层,1
底下,1
应酬,1
应聘,1
应收款,1
平面,1
平等互惠,1
岛城,1
已收,1
已成定局,1
已坏,1
已上,1
己经,1
差距,1
差评,1
巧理,1
巧妙,1
巧填,1
左下方,1
工资条,1
工薪族,1
工等,1
工种,1
工整,1
工商管理,1
工号牌,1
工卡,1
工具条,1
工作者,1
工作岗位,1
已持,1
已知,1
平移,1
已过,1
平白无故,1
平添,1
平度市,1
平均收入,1
干脆,1
干,1
幌子,1
帽,1
常见于,1
常给,1
常忘,1
常去,1
帮别人,1
帮其,1
帮人代,1
带给,1
带坏,1
带动,1
帐篷,1
布点,1
已过期,1
开卡及,1
开卡才,1
开卡礼,1
得不到,1
徐,1
律师函,1
很酷,1
很着急,1
很想,1
很头,1
很久会,1
待会,1
待业,1
征审,1
往返,1
彩妆,1
形态,1
形容,1
形势,1
录取,1
当铺,1
当钱用,1
当钱,1
当笔,1
当局,1
徒劳,1
得当,1
开卡选,1
得心应手,1
必备条件,1
必含,1
心领神会,1
心防,1
心眼,1
心疼,1
心理准备,1
心术不正,1
心性,1
心急如焚,1
心存侥幸,1
心动不已,1
徽商,1
微笑,1
微波,1
微博上,1
微博,1
微信来,1
循环往复,1
得罪,1
得来,1
当家花旦,1
当地人,1
当前情况,1
引用,1
引导,1
引入,1
引人注意,1
式样,1
弊,1
弄虚作假,1
弄清,1
弄懂,1
弄不清,1
异类,1
异物,1
异国,1
开除,1
开门红,1
开设,1
开机,1
开心玩,1
开幕,1
开多张,1
开场白,1
引致,1
引诱,1
张不等,1
强推,1
当前工作,1
当其,1
当之无愧,1
归零,1
归根究底,1
归属于,1
强行,1
强烈建议,1
强有力,1
弹性,1
张先,1
弱点,1
弱,1
张神卡,1
张用,1
张卡好,1
张卡去,1
张卡刷,1
张卡到,1
张卡上,1
工位,1
断掉,1
客户名单,1
审计师,1
审查起诉,1
审员必,1
审员,1
审,1
实验,1
实际收入,1
实战,1
实属,1
实处,1
实名制,1
实则,1
实事求是,1
实,1
宝马,1
宝里,1
宝内,1
宝为例,1
定活两便,1
定期检查,1
定时,1
客,1
客户群,1
定位,1
客户资料,1
宽带,1
宽严,1
宽,1
容错过,1
容量,1
容易接受,1
家贼难防,1
家贼,1
家用电器,1
家用,1
家庭理财,1
家庭成员,1
家大业大,1
家主,1
害怕,1
害人,1
害,1
宣称,1
宣扬,1
客车,1
客群,1
定数,1
完整版,1
山西,1
学费,1
学历证书,1
孤单,1
存进主,1
存至琴,1
存留,1
存现,1
存根联,1
存本,1
字符,1
字母组合,1
子公司,1
嫌疑人,1
嫌弃,1
嫂,1
婚纱,1
婚庆,1
婚姻,1
婉言,1
娱,1
威逼,1
学学,1
学问,1
完整性,1
孰,1
完才,1
完后,1
完全避免,1
完全相同,1
完全一致,1
安静,1
安然无恙,1
安检,1
安抚,1
安徽,1
安康,1
安全补丁,1
安全等级,1
安全意识,1
安保,1
安,1
守法,1
守信,1
宅,1
宁静,1
宾馆,1
寄信,1
寄到,1
尤为重要,1
尚余,1
尚,1
少部分,1
少见,1
少时,1
少天,1
少取,1
少则,1
少会,1
少付,1
少交,1
少于,1
少之又少,1
少不了,1
小贴士,1
小觑,1
小视,1
小融,1
小结,1
小组,1
尚有,1
就关,1
寄卡到,1
就别,1
山航,1
山寨,1
山姆,1
屡禁不止,1
属卡,1
展开,1
屏蔽,1
屏幕提示,1
居多,1
居住证,1
层出不穷,1
局面,1
局限性,1
局促,1
尽职,1
尽力,1
就餐,1
就够,1
小米,1
小瞧,1
小白们,1
小来,1
寻草,1
寻,1
对金,1
对账,1
对答,1
对用,1
对照,1
对得起,1
对半分,1
对以,1
对不起,1
寥寥无几,1
寓意,1
富,1
密集式,1
密钥,1
密码保护,1
密度,1
密匙,1
寄走,1
寄发,1
封,1
封掉,1
尊,1
小宠,1
小条,1
小朋友,1
小有,1
小摊,1
小戴本,1
小戴,1
小恩小惠,1
小帖士,1
小小的,1
小孩,1
尊称,1
小女生,1
小坑,1
小商品,1
小吃,1
小写字母,1
小企业,1
小交,1
小东,1
小一,1
必收,1
必胜客,1
控系统,1
控制能力,1
接送,1
接口,1
接下去,1
接,1
探寻,1
排行榜,1
排行,1
排序,1
排名,1
掏腰包,1
掌柜,1
授,1
掂量掂量,1
据调查,1
据批,1
据卡友,1
据介绍,1
据交银,1
换错,1
换钱,1
控户,1
控股,1
换种,1
推介,1
搜有,1
插进去,1
插,1
提额者,1
提额会,1
提问,1
提起,1
提早,1
提及,1
提前量,1
提上来,1
措词,1
掩护,1
推销员,1
推进,1
推越,1
推荐函,1
推给,1
推算出来,1
推文,1
推入,1
换来,1
忌讳,1
指着,1
指望,1
指当,1
指开卡,1
指因,1
指南,1
指令,1
持续时间,1
持续性,1
拿走,1
拿翔哥,1
拿点,1
拿来,1
拿大奖,1
拿卡,1
拿不出,1
拾获,1
拾元,1
拼音,1
拼,1
拳头,1
拨通,1
指点,1
指除,1
换掉,1
按日计,1
换句话,1
换个,1
捡了芝麻,1
捡,1
损毁,1
捕捉,1
捐赠,1
捉襟见肘,1
挽回,1
挺贵,1
挪移,1
挪,1
挥卡,1
挡,1
挖空心思,1
挑出,1
挑,1
按量,1
按着,1
按此,1
按月算,1
搜集整理,1
搞些,1
搞混,1
数及,1
数千元,1
数千万元,1
数十倍,1
数十,1
数元,1
数倍,1
数以万计,1
数以,1
数为,1
数不胜数,1
数不清,1
数万,1
敬而远之,1
散布,1
散发,1
教训,1
教盆友们,1
教师证,1
敌百,1
效力,1
数千家,1
数据管理,1
搞错,1
数月,1
断,1
斜体字,1
文艺表演,1
文职,1
文字,1
文中,1
文,1
整齐有序,1
整钞,1
整百,1
整治,1
整改,1
整存,1
整合,1
整,1
数须,1
数码相机,1
数百种,1
数百元,1
数百倍,1
数理统计,1
故意犯罪,1
故可,1
故乡,1
放进去,1
支支吾吾,1
支撑,1
支,1
擦身而过,1
操作过程,1
操作前,1
撺掇,1
撤机,1
撞球场,1
撞大运,1
撕毁,1
摸透,1
摘要,1
摊位,1
摆脱困境,1
摆在,1
摄影,1
摄像,1
携带方便,1
搬新家,1
搬到,1
收不到,1
收不误,1
收付,1
改签,1
放着,1
放眼望去,1
放手一搏,1
放开,1
放回,1
放下,1
攻破,1
攻击,1
改装,1
改日,1
收件,1
改成,1
改卡,1
收起,1
收费站,1
收评,1
收藏夹,1
收持,1
收卡人,1
收卡,1
拨款,1
拨号,1
拦在,1
成熟度,1
成功率高,1
成交,1
懒得,1
慷慨,1
慢,1
慎重对待,1
慈善家,1
愿,1
愤怒,1
感应式,1
感叹,1
感冒,1
意见,1
意,1
惹,1
想飞,1
想起,1
想来,1
想想,1
想必,1
想开,1
成败,1
所有主,1
我司,1
所得,1
所困,1
所办,1
房间,1
房管局,1
房管,1
房有车,1
房地产权证,1
户名,1
戴,1
截图,1
战略性,1
或者说,1
或会,1
或交银,1
我过,1
我该,1
我用,1
我来,1
我存,1
想不起来,1
想不到,1
惯例,1
惯,1
性格,1
性别歧视,1
怦然心动,1
急需品,1
急切需要,1
急切,1
思量,1
思路,1
思考,1
怎样才能,1
怎么弄,1
怀揣,1
快满,1
快感,1
快客,1
快去,1
快到,1
忙中出错,1
忘性,1
忍受,1
性能,1
总收入,1
恶性循环,1
惨重,1
惠选,1
情势,1
情况异常,1
悲惨生活,1
悠闲,1
悠久,1
悄悄的,1
悄悄,1
恶化,1
恶劣,1
恰恰好,1
恢复正常,1
恐怖,1
总要,1
总裁,1
所批,1
所致,1
招子,1
抱歉,1
抬头,1
报酬,1
报道,1
报表,1
报文,1
报忧,1
报个,1
抢购,1
抢夺,1
抢先,1
抢,1
抛开,1
抛出,1
投递,1
投资收益,1
投放,1
投币,1
抓取,1
把利,1
抄录,1
技术落后,1
抱持着,1
抵不住,1
所获,1
抵偿,1
招二,1
拒贷,1
拒绝接受,1
拒批,1
拒卡,1
拍鞋,1
拍摄,1
拉长,1
拉拢,1
拉手,1
拉到,1
拆开,1
担负,1
担当,1
抽取,1
抹黑,1
抹掉,1
K党,1
抵押物,1
抵押品,1
抵店,1
技术标准,1
技术性,1
技术含量,1
技术人员,1
打着,1
打理,1
打点,1
打得通,1
打压,1
打卡,1
打包,1
打到,1
打击面,1
打入冷宫,1
打乱,1
打不开,1
打下,1
扑克牌,1
手足无措,1
手续费收,1
手持,1
手套,1
手刷,1
手党,1
所购,1
打起,1
托关系,1
扣去,1
批出,1
承租方,1
承担责任,1
承受能力,1
承保,1
找下,1
批高,1
批给,1
批卡批,1
批到,1
扳回,1
扣年费,1
扰乱,1
扮演着,1
扮,1
扫,1
执照,1
扣转,1
扣至,1
扣收,1
扣息,1
龙飞凤舞,1
