交行是第一个把超市联名卡和超市活动搞得如此有声有色的银行而交行的联名卡中的沃尔玛卡也是当之无愧的史上第一羊毛卡不过有一个交行准备对沃尔玛卡功能进行调整这次调整也让这张神卡走下神坛泯然众卡首先是积分奖励计划的调整累计积分规则的调整沃尔玛卡在沃尔玛店内刷卡消费不累计积分店外消费人民币元可积分主附卡积分合并计算并计入主卡账户积分有效期固定为个月积分将逐月过期过期日为每个自然月月底积分使用规则的调整沃尔玛卡消费的累积积分仅可用于兑换专用刷卡金用于抵扣指定沃尔玛门店的店内消费当累积积分达到分及以上时持卡人可按照如下超额累进比例进行兑换刷卡金有效期为导入之日起天含内可在有效期内自动抵扣持卡人在指定沃尔玛门店内的刷卡消费但不包括购买任何预付卡消费并可分多笔使用每位持卡人名下所有沃尔玛卡总计单个自然年度内累计积分兑换上限为分自然年指每年的月日至当年的月日虽然沃尔玛卡在沃尔玛的消费不能累计积分这个规则听着怎么这么讽刺呢但是今年月在沃尔玛的消费可以参加单独的返刷卡金的活动持卡人上月刷交通银行信用卡有积分消费和指定沃尔玛门店内消费累计满人民币元可获得参加当月天天优惠和最红星期五活动资格天天优惠活动每天除星期五在各城市指定沃尔玛门店内刷沃尔玛卡任一单笔消费满元人民币且满足活动其他参与条件的可享受该笔交易金额刷卡金奖励最红星期五超市活动每星期五在各城市指定沃尔玛门店内刷沃尔玛信用卡任一单笔消费满元人民币且满足活动其他参与条件的可享受该笔交易金额刷卡金奖励上述的单笔消费不包括购买购物卡每位持卡人参加上述活动刷卡金返还金额上限为每周合计人民币元每月合计人民币元和之前的活动条款相比先考虑非沃尔玛的消费积分兑换刷卡金的比例变化不大但是变相的限制了上限以前是每卡每年最多兑换积分但是理论上一人最多可以办张沃尔玛卡那么上限就是积分如果假设某人在沃尔玛其他消费是对半分的话那么非沃尔玛消费正好就是这积分但是总上限由每卡改为每人所以以前处心积虑收集全的张沃尔玛卡以召唤神龙大雾以兑换积分就也都没用了对于沃尔玛的消费来说以前是双倍积分最高的比例返现相当于的返现比例上限是抵消的沃尔玛消费张卡就是不到的消费现在虽然比例看似增加平日的周五的但是上限改为每个月元今年最多能得到刷卡金折合年化刷卡金但是问题是以前想得到这么多刷卡金只要你有足够的消费能力足够多的卡现在是需要你上个月消费达标这个月才能得到活动资格还要保证每周都准时去消费才能一周不落的拿到所有刷卡金这一下对持卡人的折腾可不是多了一点半点简直是不把人折腾疯不罢休啊而且还要注意的是这个天天优惠和最红星期五活动现在写的是到今年年底虽然不知道明年会不会延续至少说明交行现在要给自己留一手随时保留取消活动的权利而且取消沃尔玛超市的积分也许就是交行全面取消百货超市类商户积分的前奏在现在刷卡手续费费率大调整中工等银行两年前就取消类商户积分的大环境下也许交行就是下一个要沦陷的银行如果是偶尔去超市刷刷卡那么其实这次的权益变化倒是不大就是折腾人罢了但是对于羊毛党尤其是张卡的羊毛来说不仅理论上收益最大值大大降低而且要付出的精力可是几十倍的增加从此交行沃尔玛卡还是一张好卡但是肯定不能算是神卡啦有沃尔玛卡白金不孤单交行沃尔玛卡以上信息来源于融更多信用卡知识请关注卡神信用卡频道,.\data\text\text104.txt
交行卡申请简单刚刚毕业刚工作的大学生从未持有过信用卡的稳定工作的职场人士只要征信没有太大的问题如实填写申请表基本上都能办理取现优惠和招行卡一样交行卡取现额度也是如果恰巧你有资金需求也可以考虑申请一张分期方便单笔消费满元就可以办理分期业务羊毛多多交行每年的最红星期五和超级最红星期五活动都属于万人空巷型的活动持有交行的信用卡天天都有各种返现打折的活动让你羊毛薅到手软对于信用卡小白来说入手一张交行卡基本能满足日常吃喝玩乐的消费需求了以上是交通银行信用卡的介绍更多信用卡知识请关注卡神信用卡频道,.\data\text\text1128.txt
最标准交通银行标准信用卡在线申请通道手机端如果你既不是年轻群体没有太大的取现需求也不经常超市购物或者周边没有沃尔玛超市那么不妨办理一张交通银行标准信用卡既然是标准卡就没有太大的专属特色更多的是交行卡通有的一些权益和优惠现在就来说说通有的权益和优惠有哪些可免年费免首年年费刷卡次免次年年费交通银行信用卡需开通用卡无忧后可享受小时挂失前失卡保障服务优惠活动多优惠力度大比如周五超市购物加油可享刷卡金返还境外消费倍积分美食消费享折优惠或者积分兑换代金券等等超市购物刷起来交通银行沃尔玛信用卡在线申请通道手机端日常生活离不开超市买个菜或者购买生活用品什么的超市购物选用超市联名卡最合适不过了而沃尔玛在国内各大城市都有开设且属于大型商超日常会去沃尔玛购物的消费人群众多交行推出的这块沃尔玛联名卡非常实用目前的奖励机制是店内消费可双倍积分积分可以折抵店内消费金最高抵配合交行最红星期五活动有网友亲测这款卡每年最多可让你薅到的羊毛卡面有更换现在的灰白色卡面比之前的黄蓝色更高级美观据称改卡的优惠权益也会调整可随时关注交行官方网站当然除了沃尔玛信用卡之外交行的超市联名卡还有其他比如交行乐天玛特信用卡交行卜蜂莲花信用卡交行乐购信用卡等等取现的利器交通银行卡在线申请通道手机端听名字就能听出来了信用卡主要是面向年轻人群体的因此相对比较容易申请但是额度不会太高一般上班族的话网申下来的额度为万万这款卡与交行的卡属于同款都是取现卡在产品设计上都是黑白两款卡面简洁大方交行信用卡最大特点是取现有优惠不但可以额度取现取现手续费也很低境内取现每笔只要元以上是交通银行信用卡的介绍更多信用卡知识请关注卡神信用卡频道,.\data\text\text1166.txt
小娇最近得罪了一批用户从周周刷的活动奖品规则的公布到年最红星期五活动规则的爆料不少小交持卡人喊着直接销卡放冰箱冷冻不知道真正销卡的冷冻的又有几位对于交行白麒麟论坛已经传遍权益下降的消息以下是年最红星期五的活动批文爆料概括几点原来月消费的就可以超市和加油各返现现在要消费才能各返现活动门槛提高了白金卡原来无消费要求现在也需要消费达标返现然后很多人喊着销卡消费返现起步由原来的元降低到元多了一个餐饮返现项目对真实消费的客户更有利交行最近在周周刷以及年的最红星期五中也是对薅毛人的一种打压吧毕竟真实消费对于各行才是最大的利处先不管最红星期五对于白麒麟的影响站在权益的角度来分析这张麒麟卡白麒麟标准白金卡下卡条件沃德理财万存个月系统推荐交行主动邀请门槛最低的地摊填表新户办卡勾选白麒麟看运气和资质吧还是有人下的交行白麒麟可破交行万用足权益刚需用卡木木觉得白麒麟还是可申的适合的刚需的才最重要木木也是小薅之人小薅才能怡情那么我们就来看看白麒麟的可薅之处吧关于年费不必害怕无论是否开卡硬性收取元年的年费但是可以凭积分兑换首年万积分很好得一般不是天内任意刷笔得万就是天内刷卡倍积分为此可以先体验一年再考虑留不留至少第一年还是十分轻松的关于年费会先在你的卡里扣除元年费等消费次达标后第二个月底之前会赠送积分打电话给白金秘书会把元返到卡里还有的就是境外无脑神鹿卡的积分可以合并到白麒麟上必办白麒麟附属卡不需要年费可享受权益还可以赠送积分最多办理张附属卡办理一张附属卡加送万积分最高万共同享受了权益还拿了积分深入人心的羊毛那就是最红星期五了虽然上文说明权益门槛从没有消费额限制到和其他卡一样的消费门槛暂不具体分析超市和加油刷卡金返还每月可以加两次每次元车油返元超市购物元返元仅仅这两项用白麒麟也值回元当然了这些都是理论值我们还是接着看权益吧看看白麒麟权益有需求的才是最好的全球机场贵宾礼遇可在国内家机场全球家机场贵宾厅享受贵宾候机服务之前还有卡年中的时候取消了专属高额积分计划美元账户消费倍积分生日当月主卡及附属卡的人民币有积分消费倍积分最高万生日当天主卡及附属卡指定餐饮娱乐类消费倍积分最高万境外倍积分为此第二年万积分抵年费生日月或境外刷是关键换四大航空公司中国航空东方航空南方航空海南航空里程每年万里程交行的里程兑换与他行白金比例就有如此大的区别按自己消费水平大致算一下能换多少里程每年次酒后代驾服务全国范围内不限车牌次数的小时道路救援分行贵宾通道可在全国交通银行营业网点享受贵宾通道服务小时失卡保障高额航空意外险旅行延误险海陆公共交通意外险短信提醒服务免费终于可以收到交行短信了白金秘书专线服务全方位全时段的贴心秘书服务尽享个性化白金礼遇高尔夫服务自选服务免洞果岭费击球练习场免费练球全年全国高尔夫球场优惠以上信息来源于木木说卡更多信用卡知识请关注卡神信用卡频道,.\data\text\text126.txt
交通银行提额秘籍汇总对于交通银行信用卡大多数卡友有这样的评论活动多羊毛多额度低不提额但事实无绝对即使是交行只要方法用对了提额也不是什么难事今天小军师就把所有交通银行信用卡的提额方法给大家汇总成秘籍有交行卡的小伙伴们快来看看吧首先给大家介绍一下交通银行信用卡的额度规则交通银行会根据持卡人申请时提供的资料及资信状况核定信用额度该额度为持卡人用于透支消费取现的最高限额若持有的多张交通银行发行的信用卡以持卡人名下所持但张信用卡的最高额度作为信用额度而非多张信用卡的额度之和交通银行信用卡主卡附属卡共享同一额度交通银行太平洋双币信用卡享受一卡双币人民币美元人民币和美元共享信用额度交通银行信用卡可用额度可用额度是指您所持的信用卡尚未使用的信用额度可用额度会随着每一次的消费而减少随您每一期的还款而相应恢复计算方式如下可用额度信用额度未还清的已入账金额已使用未入账的累积金额例如您的信用额度为万元未还清的已入账金额为万元已使用未入账的金额为元则此时您的可用额度为元交通银行信用卡取现额度及限制交通银行信用卡取现额度包含在信用卡的信用额度内一般为信用额度的交通银行信用卡境内取现额度每卡每日利用信用额度取现金额累计不超过人民币元每卡每日在机最多取现不超过人民币元有足够的溢款额至少溢还款大于人民币元柜面取现最多可取所有的溢还款人民币在境内是不能利用信用额度提取美元的交通银行信用卡境外取现每卡每日累计取现不得超过美元每月累计取现不超过等值美元每半年累计取现不超过美元在美元有足够溢还款的情况下如利用信用额度取现每卡每日不得超过人民币元或等值外币交通银行信用卡分期额度影响交通银行信用卡分期额度不可高于信用卡额度且最高不超过人民币或美元在信用卡中存款或临时调高信用额度都不能提高申请分期付款交易的最高限额交通银行信用卡分期申请成功后会占用持卡人的信用卡额度并随每期还款后逐渐恢复那么交行信用卡如何提额呢最简单易懂的提额操作金额数量尽量多半年内消费总金额至少在额度以上消费次数尽量多平均每月笔以上若笔以上更易提额消费商户类型多诸如商场超市加油站餐饮旅店旅游娱乐场所等批发类和购房购车等大宗消费越少提额越容易网上购物支付宝交易及取现越少提高额度申请越易批核刷卡的商户类型不能总是与所在公司的经营范围性质类似根据信用卡的额度区分也有专门的提额支招额度这类交通银行持卡应该高频率刷卡消费多次多笔经常爆卡存钱刷这样提额基本可以在三个月就提高一次固定额度因为是系统评分每月刷卡次数超过次以上三个月提额成功率接近额度这类交通银行持卡下卡是根据你提供的学历工作证明社保等的实际资信证明批卡额度应该怎么样来提额呢次数一定要少一个星期刷卡次数不要超两次最好都在类型商户消费每周在的机器上爆卡如果卡里额度在商户上刷这样一定不会刷卡成功告诉银行有这样的刷卡需求如果银行举行周周刷活动一定要参加最好每次在以上费率商户达标活动过程中可以尝试申请临时额度活动结束后如果没有收到银行提额短信不在使用卡片放到三个月如果银行不提额直接注销等两个月后从新申请额度会提高倍到倍此方法信用卡从万到万不到年成功例额度这类交通银行持卡人以上方法都不管用时境外消费是目前对很多银行通杀的方法半年两次出国额度从万多提升到交通白金的客户有的只出去刷卡一次回国冷冻卡片两到三个月就收到银行白金邀请码冷冻对以上的信用卡效果很好还有一些偏门的提额技巧最低还款式提额连续几个月最低还款说明自己在近期十分需要用钱并且也可以让银行赚到利息银行会在这样的客户中根据以往的个人信用情况主动为持卡人提额销卡威胁式提额持卡人可以致电银行客服申请提升额度如果不提额就销卡这种方法比较偏激但有时候会有效果此方法慎用一旦注销日后要再申请就难了临时提额式提额近期正直节日期间旅游购物等需要用钱的地方非常多持卡人可以申请提升临时额度交通银行一般都会审批并且多申请几次临时提额银行会认为持卡人对信用卡需求大提升固定额度也不是难事附赠卡友亲提额经历交行信用卡提额秘籍看完以上提额技巧是不是对于自己的额度提升有些门路了呢提额不是速成的即使方法对了一般也要个月才能提一次所以按照最适合自己的方法坚持用卡吧以上信息来源于融论坛更多信用卡知识请关注卡神信用卡频道,.\data\text\text133.txt
怎么用交通银行信用卡交通银行信用卡用卡大全卡神小编为您介绍还款天宽限期被取消只是个传言今年月初在微信微博上被业内人士和财经账号广为转发的信用卡还款天宽限期将被取消的消息并没有被官方认证所以就目前来说这一人性化的容时容差还款政策还继续存在其实容差政策的实用性不大毕竟在我们有钱还款时通常不会差那百十元钱不过两到三天的容时政策有时确实能帮我们维持良好征信记录需要提醒的几点工商银行是没有容时容差服务的因为工行非全额罚息的处罚力度本身就很小在执行容时服务的银行中广发银行需要打客服电话进行申请而且一年只有一次延迟还款的机会另外即使是自动延迟仍然要保证在期限前入账尤其是用第三方支付设备还款的用户要特别留意到账时间的问题最后我们想说无论容时容差政策存不存在都只是临时应急的手段为了保证个人信用记录我们还是要养成按时还款的好习惯忘性大的最好开通短信通知或者绑定借记卡每月自动还款或者下个也行不设密码更安全吗很多人支持不设密码更安全的说法主要依据来自银行规定失卡保障往往限于签名消费而凭密码消费网络交易电话转账等均不在失卡保障范围之内可是实际上对信用卡盗刷问题我们还是应该分两类来看在信用卡丢失的情况下银行会默认是持卡人的过错所以资金风险和损失需要持卡人自己承担显然在这种情况下有密码保护更安全尤其是在信用卡普遍更换为芯片卡的今天在信用卡被盗刷的情况下这种盗刷特指卡在持卡人手里别人通过复制网络等其他情况获得持卡人信息刷卡造成损失如果卡设有密码银行会默认是持卡者对密码保管不当而导致损失所以发卡机构不会予以赔偿如果是克隆卡的话银行可能会负的责任而如果卡没有设密码被盗刷通常来说责任在银行和商户因为银行和商户有核对客户印鉴签名的义务但是这并不意味着持卡者能够完全避免损失有一些银行没有配套失卡保障服务签名消费的信用卡遭盗刷也无法获得赔偿此外失卡保障只是理论上的保障说法在现实生活中成功获得赔偿的案例并不多有些消费者遇到银行拒付赔偿而诉诸法律获得赔付却耗时耗资得不偿失而且也不能全怪银行毕竟这本来就不容易分清楚责任和真假如果让银行为个人损失埋单这么容易谁能保证不会有借此钻空子故意上报盗刷而牟利的行为呢所以我们认为在中国为信用卡设置密码还是相对稳妥的选择一方面国内的信用环境还不发达仅凭签名的信用卡需要商户去控制风险但现在商户的识别意识和识别能力都还远远没有跟上机控风险相比人控更为安全另一反面失卡保障在某种程度上只是把责任推给了另一方这反而证明签名消费的方式更有风险分期付款的实际手续费率高于贷款利息免息分期付款很诱人比如想买却囊中羞涩的消费者更倾向于分期而不是卖肾可其实分期付款是免息不免费很多人为了绕开银行个人无抵押贷款的繁琐手续而选择更方便的分期付款实际上并不划算目前全国各个银行网点收取的期分期手续费率在左右而银行一年商业贷款基准利率为个人信贷年利率普遍在到乍一看分期消费也不是很贵可事实上我们忽略了占用资金递减的问题假如我们需要消费万元普通贷款只需要我们在年底偿还元即可假设年利率和手续费率都是如果分期个月则每月要还本金元及手续费元但分期后的资金占用是分段的第一期还的资金我们实际上只使用了一个月第二期的资金也只使用了两个月而我们每个月付出的手续费都是按照的年利率来算的综合来说这万元个月分期的真实利率远比我们想象的要高据银率网的分析师测算其实际年利率高达所以说分期付款是有成本的一般金额越高期数越高手续费也越高我们建议特别计较费用多少的人还是不要分期的好另外还要特别留意一些对每笔交易都自动进行分期还款的奇葩卡例如招商银行消费满元会自动分期偿还的分期白金卡建设银行的龙卡益贷信用卡光大银行的智能商务信用卡最好还是敬而远之此外还有两点小提示提前还款银行也不会退还已经收取的分期手续费所以如果选择分期消费不要太积极提前还上这于信誉指数没什么提高还会白白浪费机会成本对于那些宣扬分期付款免手续费的活动还是不要轻信的好一般来说商家会提高商品原价赚回自己的利润最好不要把信用卡和现金联系太紧密相比透支刷卡透支取现是没有免息期的持卡人除了要缴纳的手续费还要缴纳每天的透支利息此外银行还有提现额度为信用卡整体额度的到的规定所以在没有特殊或紧急需求的情况下我们推荐还是把信用卡纯粹当做信用卡用当然如果你的本意就是想享受无息贷款玩套现网上的攻略倒是很多不过再怎么做一定要注意遵守游戏规则到期还款不触及刑法温馨提示信用卡超期个月以上欠款本金达万元即触及刑法但是对那些指望通过多张卡反复套现以实现资金流运转的朋友我们还是婉言规劝这一招绝非长久之计有人喜欢取现有人就喜欢存现那些为了保险而把一部分钱存到信用卡里的人们我们奉劝还是别了这样做真没什么好处一方面信用卡里的溢缴款不会产生利息生息的是准贷记卡同时部分银行规定取出溢缴款时还需缴纳一定金额的手续费得不偿失要真是为了保险还是参考我们之前说的设置其他提醒方法吧小心那些特殊年费大多数信用卡满足一年刷几次就可以免年费的条件而对于一些高端白金信用卡由于持卡人有权享受特殊待遇其高额的年费有时不能减免或是需要更多积分才可免除所以办卡时还是要额外留意一下年费方面的事项比如招行白金信用卡的经典版年费元只能通过万点积分或者累积消费万元兑换招商银行和美国运通的招商银行美国运通百夫长黑金卡年费美元不可减免当然考虑到真正能持有无限卡享受顶级服务的大多是富豪年费在他们那儿来说不免也不是问题另外由于平时办卡不开卡的现象普遍存在对于普通消费者来说我们确实需要留意一些特殊的即使未激活仍需缴纳年费制作工本费的卡种例如兴业银行车友信用卡白金卡的标准版和精英版它们一经发出不激活也照收千百元的年费免息期比还款日更值得记忆我们通常不会刻意计算免息期尤其是手里一大把信用卡的时候能准确地记着每张卡的还款日就很不错了不过既然我们今天专门来谈如何最大化利用你的信用卡这个问题免息期还是一个很值得关注的点一般来说不同银行的免息期政策也不尽相同对免息期的准确定义是上月账单日到本月还款日之间的日期假如我们的账单日是每月日还款日是每月日那么上月日的消费和本月日的消费都应该在本月的日被还上这样比较我们就会发现在上月账单日后第一天消费免息期最长在本月账单日消费免息期最短明确了这一点我们消费时便可精打细算一番在记账日的第二天开始消费可以有额外一个月的时间来使用这笔透支资金不要小瞧这一个月的魅力假设我们平时所有消费都用信用卡支付然后用手头的现金买一个多天的理财产品这样到还款日时理财产品正好也到期我们在坐享理财收益的同时还能提高信用额度积累还款信用一石三鸟这绝对是个聪明讨巧的办法销卡也是一门学问有些消费者经不住羊毛诱惑见空就撸虽然贪图小便宜的心理是人类的天性可是小撸怡情大撸伤身盲目地办多张信用卡反而会被各种麻烦和费用所困此外就算多办的信用卡没有激活不产生额外费用持卡人在申请大额度信用卡时也可能因为有多张信用卡的影响而导致申请被拒所以我们还是建议只保留几张常用卡把多余的注销掉注销信用卡前首先得保证卡里余额为零无欠款无溢缴款销卡通常得耗时到天左右在这期间持卡人不可再使用信用卡否则注销申请将作废另外在卡正式核销之后最好把卡片也销毁以避免遭遇盗刷另外值得提醒的是如果我们不小心有了逾期还款等不良记录销卡并不能将其洗白消除相反这样的做法只会让不良记录更加长久所以大道理在小事情上也一样犯错逃避不是好的选择知错就改才是亘古真理信用卡让手持多张卡变得容易如果你真想手拿十几张信用卡来覆盖所有商户和各种优惠活动那么记住每张卡何时需要还款每种卡刷几次能免年费这样的零碎问题倒是可以通过现在方便的来帮忙信用卡我爱信用卡卡牛信用卡管家卡惠诸如此类具体用哪一款我们不做推荐你可以自己尝试自己挖掘不过尽量不要用邮件式的信用卡管理软件以保障隐私安全提额不是一天能练成的保持良好信用记录择时主动出击保持良好信用记录是提额的基础资本这点不用多说而有时也该择时主动出击而不是只等着银行来提出为我们提额尤其是当收入和资产提高完全可以获得较高额度时银行并不知道所以我们要主动提醒一般来说正常使用信用卡半年后我们就能主动提出书面申请或通过服务电话来调整授信额度当然也有一些信用卡是只能坐等型的这个另当别论多刷并不一定利于提额多次刷卡多元化刷卡确实是提额的必要条件但是类似于最好每月产生的账单消费至少是总额度的以上这样的建议并不一定有效如果你的账单消费高到超过你的工资银行系统反而会认为你的风险很大销卡威胁只是个段子有些帖子会告诉我们适当地威胁客服不提额就销卡可以曲线提额这在以前也许确实是个偏方可放到现在客服多半不会搭理你的威胁就算你真销了卡失去像你这样跟提额较劲的小额客户对银行来说也不是多大损失至于会不会有刚上线的客服新手怯于你的威胁呢在这个后辈比前辈更牛更自我的时代应该不太可能吧暂停使用不要暂停得太久提额攻略里还有一条有意停用信用卡一段时间可以帮助提额因为银行对睡眠卡的启用有一定的鼓励措施这个牵扯到银行后台系统测评的问题也许为了经营好每一个客户的原则银行愿意给予小额奖励但是过长时间的停卡可能会让系统评定你的经济贡献值为零所以凡事都不要做得太过账单分期是礼尚往来的交易分期消费因为能给银行带来手续费的好处而被视为又一提额锦囊确实依据自己实际消费情况做个账单分期期数少一点免得被怀疑还款能力金额合适一点可以帮助提额但如前面所说分期是有成本的这还是用钱砸额度有舍才有得来源第一财经周刊更多信用卡知识请关注卡神信用卡频道,.\data\text\text1433.txt
目前国内银行很多各大银行各种信用卡眼花缭乱哪个银行信用卡最好哪个银行信用卡最适合自己呢今天南财小编就为大家整理一下下面就以交通银行信用卡为例大家和南财小编一起来看看吧交通银行信用卡优点申请门槛低提额较快天超长免息期卡可百分百提现沃尔玛卡店内消费双倍积分积分可抵店内消费最多招牌活动如最红星期五周周刷卡赠礼优惠力度大深受羊毛族喜爱缺点支付宝关闭了网银支付通道风控较严格总结优惠活动花样多以上信息来源于利率表信息网更多信用卡知识请关注卡神信用卡频道,.\data\text\text147.txt
选对银行申对好卡用足权益发家致富谁说刷卡就是败家做卡神刷好卡是在高品质生活的基础上发家致富面对眼花缭乱的信用卡作为申卡人的您可得擦亮了眼睛别让那些垃圾卡花了信报把卡神之路走成了卡迷之路笔者的惨痛教训啊废话不多说干货直接上交通银行白麒麟卡周五超市加油有返现还有次卡和机场现在白麒麟卡可以网申了而且今年很多客户收到了免首年年费的邀请申请一张吧年费轻轻松松赚回来沃尔玛卡最高个积分可以兑换块钱的沃尔玛刷卡金堪称无脑刷神卡即使今天调整了积分兑换上限但对于正常消费的持卡人是没有影响的另外交行算是周周刷的鼻祖了一直以来都非常给力超红也是交行的著名活动了活动非常给力以上信息来源于爱卡爱羊毛更多信用卡知识请关注卡神信用卡频道,.\data\text\text21.txt
选对银行申对好卡用足权益发家致富谁说刷卡就是败家做卡神刷好卡是在高品质生活的基础上发家致富面对眼花缭乱的信用卡作为申卡人的您可得擦亮了眼睛别让那些垃圾卡花了信报把卡神之路走成了卡迷之路笔者的惨痛教训啊废话不多说干货直接上交通银行白麒麟卡周五超市加油有返现还有次卡和机场现在白麒麟卡可以网申了而且今年很多客户收到了免首年年费的邀请申请一张吧年费轻轻松松赚回来沃尔玛卡最高个积分可以兑换块钱的沃尔玛刷卡金堪称无脑刷神卡即使今天调整了积分兑换上限但对于正常消费的持卡人是没有影响的另外交行算是周周刷的鼻祖了一直以来都非常给力超红也是交行的著名活动了活动非常给力以上信息来源于爱卡爱羊毛更多信用卡知识请关注卡神信用卡频道,.\data\text\text22.txt
交行白麒麟费改以后大银行家们都跟打了鸡血一样拼啊平日高高在上不能网申刚性年费的交行白麒麟也终于放下了身段免年费可网申权益有增无减还等什么办起来就对了带上交通银行白金信用卡让支出都有高额积分回报我们各位白金卡的土豪们在买买买刷刷刷中不要小看信用卡积分用的好每年能赚出年费机票按我们白金持卡人的买单联盟土豪指数的表现薅到万积分兑换次年年费也并非难事权益都很实在非常有用用好了的话每年的收益不少再叠加交行经典活动超级最红星期五超市加油等即使万积分兑换年费也是超值的唯一美中不足就是目前网上没有积分只能靠线下刷刷刷了以上信息来源于羊毛更多信用卡知识请关注卡神信用卡频道,.\data\text\text24.txt
如何改正交行信用卡用卡坏习惯卡神小编为您介绍坏习惯一不按时还款不按时还款是卡神进阶路上最大的绊脚石很多小伙伴并不是没钱还而是没有按时还款的意识久而久之不仅需要支付额外的利息还会影响日后的提额更严重的还会给个人征信抹上污点改正办法如果没有按时还款的意识可以将储蓄卡与信用卡绑定进行自动还款坏习惯二签名鬼画符信用卡到手后要做的第一件事就是签名有些卡友平时签名讲究艺术效果胡乱一签也就算了可在信用卡上这么签名却会给日后的用卡埋下隐患因为这样的签名不好识别同样地也就比较好模仿了商户很难鉴别笔迹是否一致也就给了盗刷更大的机会改正办法拿到卡后认真签名尽量让笔迹清晰易辨识坏习惯三信用卡外借很多人认为信用卡的认识和储蓄卡一样认为只不过是花钱的工具有朋友要救急信用卡毫不犹豫就借出去殊不知信用卡是持卡人的信用凭证若不慎产生了逾期就会给持卡人的个人征信带来严重影响不仅影响日后提额办卡等甚至还会影响贷款改正办法保管好个人信用卡切勿外借坏习惯四签单不核对结账的时候为了赶时间或耍帅收银员给啥签啥的坏习惯真的是用卡安全的隐形杀手在结账顾客较多机信号不稳定等时候收银员也难免忙中出错如果不核对的签单的话很有可能遭遇多刷重复刷卡等问题改正办法结账时仔细核对签单包括卡号金额商户日期等等坏习惯五卡片随手放很多卡友觉得反正卡片有密码就算被别人看到或拿到也没有关系实则不然像信用卡海淘的话其实只要有卡号安全码等信息就可以完成交易简直是盗刷的温床而且卡片随意搁置的话很有可能和其它卡片互相消磁影响日后使用改正办法在钱包里固定一个夹层用于放信用卡磁条位置不与其它卡片的磁条位置接触坏习惯六账单不细看当前大多数人采用的都是电子账单的形式部分卡友收到账单之后看一眼总金额就关了窗口具体细则一概不关心其实这样的习惯非常不利于用卡安全因为假设这个月产生的一笔盗刷而且金额不大的话不细对账单很有可能就发现不了长期以往如果每个月都被盗刷的话累计下来就是一笔不小的经济损失改正办法日常消费后自己主动记账账单出来后及时核对每一笔消费部分银行的账单没有明细是为了保证持卡人的隐私需要的卡友可以主动致电客服申请开通明细坏习惯七丢后不挂失卡片丢失后以为只要不被盗刷就没有关系的想法真的大错特错信用卡丢失以后不挂失不仅不能享受挂失前的失卡保障服务还有可能被人盗刷产生经济损失更严重的还有可能被人冒名领用后患无穷改正办法信用卡丢失后一定要及时挂失结清卡内欠款个工作日后确认销户再补办新卡坏习惯八消费不提醒信用卡刷完就算不设短信提醒是很多人的坏习惯一切消费明细都指着账单的话会错过很多问题的处理时间比如说遭遇了重复刷卡如果没有短信提醒直到账单日才发现的话就很难追究问题维权也会极为困难改正办法开通消费短信提醒部分银行对消费提醒设置了门槛如招商银行元以下的消费不会有短信提醒此时可通过关注招商银行的官方微信来进行消费提醒每一笔消费都会有记录留存坏习惯九按键不遮挡信用卡使用密码交易的方式时一定要注意遮挡按键避免身后有不法分子窥视密码后伺机盗窃卡片进行盗刷按键遮挡只是一个非常简单的动作但却能够为用卡安全增加几分保障改正办法在机输密码时注意遮挡防止身后有不法分子结账时将密码器拿到面前遮挡后再输入密码防止被窥探坏习惯十用完不收回信用卡用完不及时收回容易被附近的人顺手牵羊进行盗刷即便卡安然无恙不收回原处的话很可能导致下次使用时找不到徒增困扰改正办法哪里拿的就放回哪里去尽量固定位置搁置信用卡保证能够在需要时第一时间找到以上是改正交行信用卡用卡坏习惯方法的介绍更多信用卡知识请关注卡神信用卡频道,.\data\text\text535.txt
信用卡积分是银行给持卡人的一种消费回馈持卡人刷卡为银行贡献刷卡手续费银行赠送一定比例的积分信用卡积分可以兑换礼品刷卡金航空里程等等是一笔不小的羊毛但很多银行信用卡积分不是永久有效的而是有一定的有效期过了有效期就要清零了今天我们介绍一下交通银行信用卡积分有效期交行信用卡积分有效期固定为年从消费后年内有效目前沃尔玛信用卡积分有效期固定为年乐购信用卡东方航空信用卡华润万家信用卡华润苏果信用卡的积分会自动转换为合作方的会员积分卜蜂莲花信用卡的积分会自动转换为卜蜂莲花刷卡金卜蜂莲花刷卡金有效期为个月以上信息来源于融更多信用卡知识请关注卡神信用卡频道,.\data\text\text814.txt
